timeMs,ax,ay,az,gx,gy,gz,q0,q1,q2,q3
430628,-7242.0,-3716.0,-1518.0,-93.0,62.0,-121.0,0.21,-0.782,-0.078,0.582
430641,-7312.0,-3874.0,-1352.0,-72.0,32.0,-82.0,0.21,-0.782,-0.08,0.582
430664,-7070.0,-3760.0,-970.0,-34.0,-26.0,-40.0,0.21,-0.781,-0.08,0.582
430677,-7098.0,-3654.0,-1112.0,-19.0,-88.0,-19.0,0.21,-0.781,-0.081,0.583
430690,-7028.0,-3724.0,-954.0,3.0,-154.0,-7.0,0.21,-0.78,-0.082,0.584
430713,-7020.0,-3678.0,-952.0,42.0,-251.0,38.0,0.209,-0.778,-0.082,0.586
430726,-6442.0,-3792.0,-1348.0,44.0,-145.0,30.0,0.209,-0.777,-0.082,0.587
430749,-6762.0,-3494.0,-1040.0,-29.0,-122.0,62.0,0.209,-0.777,-0.082,0.589
430762,-6964.0,-4094.0,-1630.0,36.0,-84.0,33.0,0.209,-0.776,-0.082,0.589
430785,-6844.0,-3878.0,-1298.0,93.0,-92.0,30.0,0.209,-0.775,-0.082,0.59
430798,-7000.0,-4014.0,-1280.0,169.0,-129.0,14.0,0.21,-0.774,-0.081,0.591
430821,-7000.0,-3990.0,-1106.0,216.0,-172.0,14.0,0.212,-0.773,-0.081,0.593
430834,-7162.0,-4004.0,-1218.0,198.0,-104.0,47.0,0.213,-0.772,-0.08,0.594
430857,-7300.0,-3888.0,-1166.0,194.0,-104.0,50.0,0.214,-0.771,-0.079,0.595
430870,-7370.0,-4052.0,-940.0,213.0,-68.0,26.0,0.215,-0.77,-0.078,0.596
430883,-7444.0,-3948.0,-828.0,278.0,-75.0,23.0,0.217,-0.769,-0.076,0.597
430901,-7554.0,-3794.0,-782.0,297.0,-108.0,7.0,0.219,-0.767,-0.075,0.598
430924,-7450.0,-3620.0,-1082.0,227.0,-110.0,-3.0,0.22,-0.766,-0.074,0.599
430937,-7498.0,-3932.0,-750.0,229.0,-97.0,-10.0,0.222,-0.765,-0.073,0.6
430960,-7444.0,-3650.0,-694.0,263.0,-102.0,9.0,0.223,-0.764,-0.072,0.601
430973,-7542.0,-3738.0,-624.0,270.0,-122.0,7.0,0.225,-0.762,-0.071,0.603
440465,0.0,0.0,0.0,-41.0,-30931.0,9516.0,0.979,0.001,-0.164,0.122
440483,9500.0,-31246.0,12411.0,305.0,28689.0,-15360.0,0.305,-0.005,0.585,0.751
440488,9500.0,-31246.0,12411.0,-3832.0,305.0,28689.0,0.306,0.59,0.747,0.019
440492,9500.0,-31246.0,12411.0,-3832.0,305.0,28689.0,0.62,0.048,-0.783,0.001
440523,9763.0,-7534.0,12173.0,-4182.0,12179.0,19935.0,0.303,-0.013,0.596,0.744
440593,-2935.0,7154.0,2378.0,31.0,-9.0,20.0,0.303,-0.012,0.595,0.745
440606,-3021.0,7510.0,2154.0,41.0,-8.0,15.0,0.302,-0.012,0.595,0.745
440629,-2889.0,7292.0,2194.0,17.0,7.0,10.0,0.302,-0.012,0.595,0.745
440642,-2933.0,7450.0,2128.0,10.0,8.0,20.0,0.302,-0.012,0.595,0.745
440665,-2805.0,7402.0,2176.0,-14.0,12.0,38.0,0.301,-0.012,0.595,0.745
440678,-2813.0,7160.0,2246.0,-12.0,31.0,28.0,0.301,-0.012,0.595,0.745
440701,-2813.0,7262.0,2296.0,17.0,31.0,20.0,0.301,-0.012,0.595,0.745
440714,-2865.0,7390.0,2260.0,9.0,30.0,26.0,0.3,-0.012,0.596,0.745
440727,-2879.0,7346.0,2130.0,-8.0,19.0,18.0,0.3,-0.012,0.596,0.745
440750,-2865.0,7364.0,2250.0,-12.0,18.0,21.0,0.299,-0.012,0.596,0.745
440763,-2847.0,7290.0,2232.0,-27.0,5.0,15.0,0.299,-0.012,0.595,0.745
440786,-2795.0,7478.0,2154.0,-36.0,-7.0,7.0,0.299,-0.012,0.595,0.746
440799,-2755.0,7354.0,2186.0,-65.0,-9.0,3.0,0.299,-0.012,0.595,0.746
440822,-2733.0,7278.0,2244.0,-72.0,-21.0,-4.0,0.299,-0.012,0.594,0.746
440835,-2833.0,7314.0,2284.0,-59.0,-31.0,-7.0,0.299,-0.012,0.594,0.747
440858,-2789.0,7352.0,2192.0,-48.0,-32.0,-7.0,0.299,-0.012,0.593,0.747
440871,-2849.0,7354.0,2166.0,-43.0,-20.0,10.0,0.299,-0.012,0.593,0.747
440894,-2843.0,7352.0,2136.0,-43.0,-6.0,10.0,0.299,-0.012,0.593,0.748
440907,-2789.0,7340.0,2288.0,-61.0,0.0,18.0,0.299,-0.012,0.592,0.748
440920,-2783.0,7128.0,2392.0,-60.0,29.0,6.0,0.298,-0.012,0.592,0.748
440943,-2795.0,7222.0,2354.0,-29.0,18.0,5.0,0.298,-0.013,0.592,0.749
440956,-2865.0,7368.0,2192.0,-19.0,41.0,30.0,0.298,-0.013,0.592,0.749
440979,-2879.0,7452.0,2264.0,-26.0,31.0,43.0,0.297,-0.013,0.592,0.749
440992,-2799.0,7352.0,2268.0,-24.0,35.0,56.0,0.296,-0.013,0.592,0.749
441015,-2815.0,7492.0,2262.0,-40.0,35.0,61.0,0.296,-0.013,0.592,0.75
441028,-2843.0,7436.0,2316.0,-74.0,24.0,69.0,0.295,-0.013,0.591,0.75
441051,-2845.0,7222.0,2424.0,-69.0,21.0,48.0,0.294,-0.013,0.591,0.751
441064,-2847.0,7386.0,2344.0,-72.0,13.0,60.0,0.294,-0.013,0.591,0.751
441087,-2893.0,7392.0,2414.0,-105.0,-8.0,65.0,0.293,-0.013,0.59,0.752
441100,-2871.0,7222.0,2526.0,-117.0,-15.0,61.0,0.293,-0.013,0.589,0.753
441113,-2775.0,7094.0,2560.0,-68.0,-20.0,23.0,0.293,-0.013,0.588,0.754
441136,-2763.0,7216.0,2462.0,-42.0,-12.0,28.0,0.293,-0.012,0.588,0.754
441149,-2739.0,7170.0,2388.0,-19.0,-8.0,20.0,0.293,-0.012,0.588,0.754
441172,-2749.0,7330.0,2394.0,3.0,-15.0,13.0,0.292,-0.012,0.588,0.754
441185,-2649.0,7220.0,2414.0,9.0,-23.0,2.0,0.292,-0.012,0.588,0.754
441208,-2579.0,7188.0,2354.0,21.0,-11.0,-9.0,0.293,-0.012,0.588,0.754
441221,-2655.0,7324.0,2354.0,30.0,-21.0,-13.0,0.293,-0.012,0.588,0.754
441244,-2567.0,7248.0,2476.0,24.0,-15.0,-15.0,0.293,-0.011,0.588,0.754
441257,-2637.0,7130.0,2678.0,36.0,-16.0,-40.0,0.293,-0.011,0.589,0.753
441270,-2545.0,7068.0,2616.0,22.0,-3.0,-71.0,0.294,-0.012,0.589,0.753
441293,-2607.0,7502.0,2254.0,36.0,-10.0,-92.0,0.294,-0.012,0.589,0.753
441306,-2681.0,7614.0,2120.0,-37.0,-12.0,-76.0,0.295,-0.012,0.589,0.753
441329,-2557.0,7336.0,2236.0,-67.0,13.0,-83.0,0.295,-0.013,0.588,0.753
441342,-2555.0,7182.0,2368.0,-64.0,18.0,-93.0,0.295,-0.014,0.588,0.753
441365,-2535.0,7174.0,2554.0,-41.0,29.0,-88.0,0.296,-0.015,0.588,0.753
441378,-2673.0,7190.0,2618.0,-37.0,13.0,-107.0,0.296,-0.015,0.587,0.753
441401,-2647.0,7074.0,2636.0,-8.0,21.0,-147.0,0.297,-0.016,0.587,0.753
441414,-2697.0,7218.0,2382.0,-8.0,8.0,-196.0,0.299,-0.017,0.587,0.752
441437,-2667.0,7468.0,2300.0,-43.0,-20.0,-192.0,0.3,-0.018,0.587,0.752
441450,-2631.0,7280.0,2280.0,-86.0,-22.0,-192.0,0.301,-0.019,0.586,0.752
441463,-2753.0,7352.0,1978.0,-79.0,-30.0,-194.0,0.303,-0.02,0.586,0.752
441486,-3009.0,7934.0,2110.0,-148.0,-78.0,-135.0,0.304,-0.021,0.585,0.752
441499,-2763.0,7120.0,2398.0,-257.0,-55.0,-135.0,0.305,-0.022,0.583,0.753
441522,-2875.0,7028.0,2476.0,-190.0,-52.0,-177.0,0.306,-0.023,0.581,0.753
441535,-2893.0,7226.0,2482.0,-178.0,-26.0,-148.0,0.307,-0.024,0.58,0.754
441558,-3053.0,7268.0,2594.0,-187.0,-16.0,-109.0,0.308,-0.025,0.579,0.755
441571,-2925.0,6952.0,2628.0,-183.0,23.0,-107.0,0.309,-0.026,0.577,0.755
441594,-3163.0,7104.0,2530.0,-158.0,40.0,-90.0,0.309,-0.028,0.576,0.756
441607,-3011.0,7328.0,2584.0,-168.0,29.0,-65.0,0.309,-0.028,0.575,0.757
441630,-2911.0,7114.0,2660.0,-161.0,46.0,-68.0,0.309,-0.03,0.574,0.757
441643,-3127.0,6990.0,2834.0,-124.0,69.0,-65.0,0.309,-0.031,0.574,0.758
441656,-3181.0,7002.0,2896.0,-77.0,71.0,-34.0,0.309,-0.032,0.573,0.758
441679,-3283.0,7324.0,2852.0,-69.0,43.0,6.0,0.309,-0.032,0.573,0.759
441692,-3281.0,6926.0,2980.0,-55.0,61.0,11.0,0.309,-0.033,0.573,0.759
441715,-3391.0,6996.0,2908.0,-42.0,41.0,4.0,0.308,-0.033,0.572,0.759
441728,-3569.0,7094.0,2984.0,-75.0,3.0,3.0,0.308,-0.033,0.572,0.76
441751,-3651.0,7128.0,2982.0,-133.0,-54.0,11.0,0.308,-0.033,0.571,0.76
441764,-3773.0,7200.0,2862.0,-202.0,-113.0,-3.0,0.309,-0.033,0.569,0.761
441787,-3483.0,7064.0,2866.0,-230.0,-128.0,-15.0,0.31,-0.033,0.567,0.763
441800,-3263.0,6524.0,3126.0,-117.0,-61.0,-40.0,0.31,-0.033,0.566,0.763
441813,-3409.0,6796.0,2996.0,-40.0,-78.0,-14.0,0.311,-0.033,0.565,0.763
441836,-3331.0,6908.0,2938.0,15.0,-62.0,30.0,0.311,-0.032,0.565,0.763
441859,-3481.0,6876.0,2774.0,0.0,-77.0,49.0,0.311,-0.032,0.565,0.764
441872,-3303.0,7416.0,2846.0,-124.0,-209.0,61.0,0.311,-0.03,0.564,0.764
441885,-2971.0,6804.0,2902.0,-91.0,-93.0,36.0,0.311,-0.03,0.563,0.765
441908,-3055.0,6862.0,2874.0,14.0,-46.0,34.0,0.311,-0.029,0.563,0.765
441921,-3187.0,6990.0,2670.0,81.0,-19.0,61.0,0.311,-0.028,0.563,0.765
441944,-3019.0,7128.0,2890.0,96.0,-33.0,86.0,0.311,-0.027,0.564,0.765
441957,-2883.0,6894.0,2916.0,132.0,-7.0,95.0,0.31,-0.026,0.565,0.764
441980,-3437.0,7662.0,2726.0,-43.0,-129.0,106.0,0.31,-0.025,0.564,0.765
441993,-2775.0,7300.0,2890.0,-200.0,-145.0,59.0,0.31,-0.024,0.563,0.766
442006,-2787.0,7078.0,2976.0,-160.0,-134.0,36.0,0.31,-0.023,0.561,0.767
442029,-2581.0,6984.0,2824.0,-92.0,-116.0,41.0,0.31,-0.023,0.56,0.768
442042,-2715.0,6998.0,2864.0,-27.0,-98.0,35.0,0.311,-0.022,0.56,0.768
442065,-2691.0,7100.0,2872.0,4.0,-105.0,72.0,0.31,-0.021,0.559,0.768
442078,-2609.0,7046.0,2790.0,8.0,-79.0,94.0,0.31,-0.019,0.559,0.768
442101,-2623.0,7048.0,2846.0,2.0,-55.0,78.0,0.31,-0.019,0.559,0.769
442114,-2679.0,7152.0,2882.0,-35.0,-41.0,49.0,0.309,-0.018,0.559,0.769
442137,-2739.0,7136.0,2904.0,-50.0,-26.0,5.0,0.309,-0.018,0.559,0.769
442150,-2747.0,7150.0,2822.0,-73.0,-17.0,-4.0,0.309,-0.018,0.558,0.77
442173,-2609.0,7150.0,2706.0,-82.0,-2.0,-6.0,0.309,-0.018,0.558,0.77
442186,-2709.0,7066.0,2820.0,-82.0,20.0,-10.0,0.309,-0.019,0.557,0.771
442199,-2767.0,7058.0,2948.0,-85.0,34.0,-12.0,0.309,-0.019,0.557,0.771
442222,-2867.0,7218.0,2986.0,-112.0,38.0,4.0,0.309,-0.02,0.556,0.772
442235,-2935.0,7188.0,3000.0,-156.0,33.0,-14.0,0.309,-0.02,0.555,0.772
442258,-2943.0,7278.0,3048.0,-204.0,10.0,-28.0,0.309,-0.021,0.554,0.773
442271,-2911.0,7066.0,2948.0,-236.0,8.0,-50.0,0.309,-0.022,0.552,0.774
442294,-2833.0,7050.0,3048.0,-250.0,12.0,-52.0,0.309,-0.023,0.55,0.775
442307,-2803.0,6962.0,3174.0,-309.0,29.0,-35.0,0.309,-0.024,0.548,0.777
442330,-3071.0,6908.0,3262.0,-333.0,12.0,-11.0,0.309,-0.025,0.546,0.779
442343,-2803.0,6666.0,3330.0,-285.0,38.0,-3.0,0.309,-0.026,0.544,0.78
442356,-2945.0,6760.0,3232.0,-206.0,80.0,20.0,0.308,-0.027,0.542,0.781
442379,-2729.0,6730.0,3214.0,-141.0,130.0,35.0,0.307,-0.029,0.542,0.782
442392,-2785.0,6414.0,3442.0,-99.0,200.0,35.0,0.306,-0.03,0.542,0.782
442415,-2831.0,6890.0,3472.0,-133.0,149.0,55.0,0.305,-0.031,0.541,0.783
442428,-2445.0,6988.0,3256.0,-231.0,146.0,80.0,0.303,-0.032,0.54,0.785
442456,-2597.0,6322.0,3298.0,-187.0,258.0,51.0,0.302,-0.034,0.539,0.786
442469,-3037.0,6102.0,3490.0,-83.0,275.0,10.0,0.3,-0.037,0.539,0.786
442482,-3337.0,6832.0,3688.0,-20.0,158.0,-40.0,0.3,-0.038,0.539,0.786
442505,-2943.0,6980.0,3718.0,-25.0,101.0,-96.0,0.3,-0.039,0.539,0.786
442518,-2779.0,7308.0,3076.0,-55.0,1.0,-136.0,0.301,-0.04,0.539,0.786
442541,-2737.0,7830.0,2970.0,-160.0,-22.0,-106.0,0.302,-0.041,0.538,0.786
442554,-2957.0,7240.0,3250.0,-290.0,-95.0,-96.0,0.303,-0.041,0.536,0.787
442567,-2605.0,6360.0,3816.0,-244.0,-56.0,-50.0,0.303,-0.042,0.534,0.788
442590,-2781.0,6504.0,3832.0,-81.0,-49.0,-17.0,0.304,-0.041,0.533,0.789
442603,-2861.0,7082.0,3720.0,-16.0,-49.0,-3.0,0.304,-0.041,0.533,0.789
442626,-3005.0,6584.0,3514.0,10.0,-62.0,-20.0,0.304,-0.041,0.532,0.789
442639,-3137.0,7074.0,3502.0,-22.0,-43.0,21.0,0.304,-0.04,0.532,0.789
442662,-3143.0,6954.0,3564.0,-84.0,-71.0,33.0,0.304,-0.04,0.531,0.79
442675,-2951.0,6376.0,3654.0,-63.0,-43.0,18.0,0.304,-0.04,0.531,0.79
442698,-2975.0,6476.0,3534.0,26.0,-24.0,14.0,0.304,-0.039,0.531,0.79
442711,-2973.0,6716.0,3422.0,78.0,-2.0,15.0,0.304,-0.039,0.531,0.79
442724,-3117.0,6700.0,3290.0,118.0,9.0,16.0,0.304,-0.039,0.532,0.789
442747,-3101.0,6870.0,3296.0,130.0,-3.0,9.0,0.304,-0.038,0.533,0.788
442760,-3077.0,6696.0,3404.0,140.0,15.0,6.0,0.304,-0.038,0.534,0.788
442783,-3123.0,6772.0,3368.0,122.0,7.0,-2.0,0.304,-0.037,0.535,0.787
442796,-3033.0,6780.0,3328.0,123.0,18.0,-5.0,0.304,-0.037,0.536,0.786
442819,-3105.0,6634.0,3402.0,149.0,23.0,-21.0,0.304,-0.037,0.538,0.786
442832,-3113.0,7104.0,3314.0,120.0,2.0,-14.0,0.304,-0.037,0.538,0.785
442855,-2905.0,7136.0,3298.0,73.0,-6.0,-1.0,0.304,-0.036,0.539,0.785
442868,-2933.0,6864.0,3394.0,72.0,-3.0,-11.0,0.304,-0.036,0.54,0.784
442891,-2845.0,6862.0,3380.0,76.0,6.0,-12.0,0.304,-0.036,0.54,0.784
442904,-2927.0,6766.0,3266.0,97.0,17.0,-3.0,0.304,-0.036,0.541,0.783
442917,-3045.0,6900.0,3392.0,87.0,-1.0,7.0,0.304,-0.035,0.542,0.783
442940,-2991.0,6900.0,3164.0,104.0,32.0,-37.0,0.305,-0.036,0.542,0.782
442953,-2677.0,7032.0,3222.0,85.0,6.0,-4.0,0.305,-0.035,0.543,0.782
442976,-2917.0,7068.0,3280.0,0.0,22.0,-4.0,0.304,-0.035,0.543,0.782
442989,-2783.0,6964.0,3324.0,-26.0,-3.0,-16.0,0.305,-0.035,0.543,0.782
443012,-2783.0,6984.0,3268.0,-45.0,15.0,-5.0,0.304,-0.036,0.543,0.782
443025,-2777.0,6914.0,3188.0,-34.0,16.0,-15.0,0.304,-0.036,0.543,0.782
443048,-2929.0,6890.0,3310.0,-40.0,11.0,-39.0,0.304,-0.036,0.542,0.782
443061,-2845.0,6864.0,3646.0,-137.0,14.0,-24.0,0.304,-0.037,0.541,0.783
443084,-2929.0,6928.0,3250.0,-176.0,56.0,5.0,0.304,-0.038,0.54,0.784
443097,-2919.0,6728.0,3044.0,-150.0,48.0,-7.0,0.304,-0.038,0.539,0.785
443110,-2935.0,6828.0,3114.0,-112.0,55.0,-7.0,0.304,-0.039,0.539,0.785
443133,-3061.0,6780.0,3212.0,-122.0,32.0,-57.0,0.304,-0.04,0.538,0.785
443146,-3161.0,6798.0,3256.0,-147.0,-11.0,-70.0,0.304,-0.041,0.537,0.786
443169,-2941.0,6640.0,3458.0,-122.0,-32.0,-97.0,0.305,-0.041,0.536,0.786
443182,-3011.0,6784.0,3418.0,-74.0,-42.0,-90.0,0.306,-0.041,0.535,0.786
443205,-3031.0,6992.0,3480.0,-83.0,-84.0,-42.0,0.307,-0.041,0.534,0.787
443218,-2893.0,6712.0,3538.0,-75.0,-81.0,-17.0,0.307,-0.041,0.533,0.787
443241,-2935.0,6794.0,3494.0,-39.0,-69.0,-7.0,0.307,-0.04,0.533,0.787
443254,-3043.0,6688.0,3584.0,-41.0,-64.0,-21.0,0.308,-0.04,0.532,0.788
443267,-2981.0,6860.0,3476.0,-32.0,-69.0,-32.0,0.308,-0.04,0.532,0.788
443290,-3153.0,6790.0,3544.0,-58.0,-39.0,-19.0,0.309,-0.04,0.531,0.788
443303,-3103.0,6672.0,3550.0,-34.0,-29.0,-5.0,0.309,-0.04,0.531,0.788
443326,-3013.0,6708.0,3440.0,-11.0,-7.0,16.0,0.309,-0.04,0.531,0.788
443339,-3101.0,6694.0,3460.0,35.0,16.0,17.0,0.308,-0.039,0.531,0.788
443362,-3143.0,6720.0,3624.0,54.0,31.0,19.0,0.308,-0.039,0.532,0.788
443375,-3219.0,6614.0,3518.0,87.0,57.0,30.0,0.308,-0.039,0.533,0.787
443398,-3195.0,6866.0,3520.0,105.0,55.0,44.0,0.307,-0.039,0.534,0.787
443411,-3097.0,6804.0,3514.0,88.0,59.0,49.0,0.306,-0.039,0.534,0.787
443434,-3109.0,6738.0,3412.0,104.0,47.0,47.0,0.306,-0.039,0.535,0.786
443447,-2997.0,6898.0,3420.0,95.0,56.0,82.0,0.305,-0.039,0.536,0.786
443460,-3063.0,6714.0,3402.0,139.0,32.0,61.0,0.304,-0.038,0.537,0.786
443483,-3091.0,6890.0,3342.0,132.0,34.0,76.0,0.304,-0.038,0.539,0.785
443496,-3241.0,6912.0,3474.0,116.0,-27.0,55.0,0.304,-0.037,0.539,0.785
443519,-2987.0,6914.0,3432.0,89.0,-16.0,82.0,0.303,-0.036,0.54,0.784
443532,-3003.0,6858.0,3404.0,100.0,-33.0,73.0,0.303,-0.035,0.541,0.784
443555,-2939.0,6858.0,3310.0,99.0,-26.0,61.0,0.303,-0.034,0.541,0.784
443568,-2859.0,6804.0,3238.0,97.0,-20.0,52.0,0.302,-0.033,0.542,0.783
443591,-2853.0,6838.0,3286.0,101.0,-14.0,64.0,0.302,-0.033,0.543,0.783
443604,-2679.0,6884.0,3192.0,116.0,-11.0,53.0,0.301,-0.032,0.544,0.783
443627,-2661.0,6928.0,3270.0,98.0,-34.0,30.0,0.301,-0.031,0.544,0.782
443640,-2599.0,6716.0,3294.0,104.0,-45.0,4.0,0.302,-0.03,0.545,0.782
443653,-2443.0,6652.0,3372.0,188.0,-35.0,-1.0,0.302,-0.03,0.546,0.781
443676,-2555.0,6648.0,3286.0,267.0,-32.0,-4.0,0.302,-0.028,0.548,0.78
443689,-2731.0,7076.0,3188.0,196.0,-88.0,-10.0,0.303,-0.027,0.549,0.779
443712,-2697.0,7484.0,3108.0,83.0,-120.0,-19.0,0.303,-0.026,0.549,0.778
443725,-2543.0,7136.0,3066.0,9.0,-113.0,-35.0,0.304,-0.025,0.549,0.778
443748,-2411.0,6880.0,3062.0,4.0,-62.0,-83.0,0.305,-0.025,0.549,0.778
443761,-2413.0,6890.0,3100.0,41.0,-37.0,-96.0,0.306,-0.025,0.549,0.777
443784,-2489.0,6852.0,3100.0,71.0,18.0,-54.0,0.306,-0.025,0.55,0.777
443797,-2493.0,6754.0,3022.0,122.0,84.0,-47.0,0.306,-0.026,0.551,0.776
443810,-2645.0,6662.0,3080.0,217.0,127.0,-44.0,0.306,-0.026,0.553,0.775
443833,-2731.0,6476.0,3192.0,363.0,181.0,-130.0,0.306,-0.027,0.556,0.773
443846,-2751.0,6782.0,3172.0,488.0,259.0,-147.0,0.306,-0.028,0.56,0.77
443869,-2865.0,7072.0,3040.0,485.0,256.0,-174.0,0.306,-0.029,0.564,0.766
443882,-2855.0,7098.0,2750.0,373.0,255.0,-147.0,0.305,-0.031,0.568,0.764
443905,-2983.0,7262.0,2676.0,274.0,210.0,-127.0,0.305,-0.032,0.57,0.762
443918,-2953.0,7328.0,2684.0,262.0,169.0,-179.0,0.305,-0.034,0.572,0.76
443941,-2983.0,7104.0,2732.0,217.0,122.0,-153.0,0.306,-0.035,0.574,0.759
443954,-3041.0,6934.0,2840.0,240.0,92.0,-144.0,0.306,-0.035,0.576,0.757
443977,-2889.0,7026.0,2808.0,246.0,89.0,-141.0,0.307,-0.036,0.578,0.755
443990,-3041.0,7204.0,2618.0,248.0,124.0,-123.0,0.307,-0.037,0.58,0.754
444003,-3161.0,7152.0,2236.0,286.0,175.0,-80.0,0.307,-0.038,0.583,0.752
444026,-3403.0,7598.0,2736.0,232.0,87.0,-90.0,0.307,-0.038,0.585,0.75
444039,-3255.0,7030.0,2874.0,157.0,118.0,-83.0,0.307,-0.039,0.586,0.749
444062,-3689.0,7312.0,2802.0,109.0,55.0,-91.0,0.307,-0.04,0.587,0.748
444075,-3627.0,6780.0,2380.0,108.0,120.0,-85.0,0.307,-0.041,0.588,0.747
444098,-3643.0,6890.0,2018.0,86.0,158.0,-52.0,0.306,-0.042,0.589,0.747
444111,-3813.0,7238.0,2364.0,125.0,123.0,-21.0,0.306,-0.043,0.59,0.746
444134,-3587.0,7042.0,2456.0,139.0,173.0,27.0,0.305,-0.043,0.592,0.745
444147,-4005.0,7166.0,2704.0,142.0,109.0,18.0,0.304,-0.044,0.593,0.744
444170,-3407.0,7320.0,1728.0,119.0,-19.0,110.0,0.303,-0.043,0.594,0.744
444183,-4539.0,7632.0,2778.0,62.0,68.0,99.0,0.302,-0.043,0.594,0.744
444196,-3635.0,6958.0,2262.0,-40.0,65.0,139.0,0.301,-0.042,0.594,0.745
444219,-4019.0,7328.0,2296.0,-25.0,-16.0,115.0,0.3,-0.042,0.594,0.745
444232,-3783.0,7222.0,2408.0,-54.0,-44.0,92.0,0.3,-0.041,0.594,0.746
444255,-3749.0,7058.0,2408.0,-20.0,-68.0,83.0,0.299,-0.041,0.594,0.746
444268,-3547.0,7072.0,2284.0,56.0,-95.0,92.0,0.299,-0.039,0.594,0.746
444291,-3591.0,7234.0,2076.0,66.0,-125.0,129.0,0.299,-0.038,0.594,0.746
444304,-3435.0,7412.0,2048.0,-18.0,-173.0,140.0,0.299,-0.036,0.593,0.746
444327,-3171.0,7150.0,2246.0,-44.0,-186.0,116.0,0.299,-0.034,0.593,0.747
444340,-3029.0,7172.0,2250.0,-18.0,-195.0,101.0,0.299,-0.032,0.592,0.748
444353,-2997.0,7056.0,2106.0,5.0,-182.0,92.0,0.299,-0.03,0.592,0.748
444376,-2939.0,7022.0,1982.0,6.0,-174.0,98.0,0.3,-0.029,0.591,0.748
444389,-2857.0,7352.0,1760.0,-71.0,-174.0,96.0,0.3,-0.027,0.591,0.749
444412,-2823.0,7308.0,1940.0,-130.0,-164.0,82.0,0.3,-0.026,0.589,0.75
444425,-2711.0,7096.0,2554.0,-109.0,-150.0,58.0,0.3,-0.025,0.588,0.751
444448,-2685.0,7270.0,2580.0,-82.0,-134.0,53.0,0.3,-0.024,0.587,0.751
444466,-2549.0,7458.0,2384.0,-84.0,-116.0,41.0,0.301,-0.023,0.586,0.752
444479,-2667.0,7360.0,2238.0,-106.0,-97.0,43.0,0.301,-0.022,0.585,0.753
444502,-2739.0,7542.0,2188.0,-163.0,-100.0,35.0,0.301,-0.022,0.584,0.754
444515,-2811.0,7474.0,2466.0,-233.0,-120.0,41.0,0.301,-0.021,0.582,0.755
444538,-2831.0,7212.0,2656.0,-254.0,-133.0,28.0,0.301,-0.021,0.58,0.757
444551,-2805.0,7242.0,2664.0,-255.0,-130.0,20.0,0.302,-0.02,0.578,0.758
444564,-2961.0,7170.0,2544.0,-239.0,-126.0,-1.0,0.302,-0.02,0.576,0.759
444587,-2929.0,7158.0,2552.0,-214.0,-134.0,1.0,0.303,-0.02,0.574,0.761
444600,-2993.0,7104.0,2506.0,-208.0,-132.0,-3.0,0.303,-0.019,0.572,0.762
444623,-3127.0,6906.0,2536.0,-204.0,-142.0,-18.0,0.304,-0.019,0.57,0.763
444636,-3131.0,7044.0,2658.0,-171.0,-162.0,-26.0,0.305,-0.019,0.569,0.764
444659,-2987.0,6990.0,2942.0,-141.0,-153.0,-29.0,0.306,-0.018,0.567,0.764
444672,-2947.0,6966.0,2978.0,-103.0,-143.0,-13.0,0.307,-0.017,0.566,0.765
444695,-2989.0,7114.0,2864.0,-75.0,-125.0,8.0,0.308,-0.017,0.565,0.765
444708,-2919.0,7174.0,2826.0,-38.0,-98.0,31.0,0.308,-0.016,0.565,0.766
444721,-2887.0,6964.0,2734.0,30.0,-62.0,46.0,0.308,-0.015,0.565,0.766
444744,-3069.0,7200.0,2712.0,35.0,-75.0,60.0,0.308,-0.014,0.565,0.766
444757,-2847.0,7218.0,2984.0,-1.0,-74.0,57.0,0.308,-0.013,0.565,0.766
444780,-2841.0,7138.0,2990.0,-34.0,-71.0,44.0,0.308,-0.013,0.564,0.766
444793,-2813.0,7430.0,2946.0,-64.0,-75.0,42.0,0.308,-0.012,0.564,0.767
444816,-2815.0,6686.0,3060.0,-46.0,-66.0,-4.0,0.308,-0.012,0.563,0.767
444829,-2673.0,7250.0,3008.0,-39.0,-57.0,67.0,0.308,-0.011,0.563,0.767
444852,-2577.0,6926.0,3042.0,35.0,-21.0,85.0,0.307,-0.01,0.563,0.767
444865,-2503.0,6890.0,3148.0,119.0,-15.0,76.0,0.307,-0.009,0.564,0.767
444888,-2583.0,6676.0,3372.0,202.0,4.0,79.0,0.306,-0.008,0.565,0.766
444901,-2581.0,6790.0,3188.0,291.0,18.0,45.0,0.306,-0.007,0.567,0.765
444914,-2507.0,7050.0,2998.0,304.0,27.0,29.0,0.305,-0.007,0.569,0.763
444937,-2483.0,7052.0,2814.0,343.0,39.0,22.0,0.305,-0.006,0.572,0.762
444950,-2575.0,7230.0,2626.0,394.0,39.0,34.0,0.304,-0.005,0.575,0.76
444973,-2603.0,7096.0,2646.0,407.0,30.0,40.0,0.304,-0.003,0.578,0.758
444986,-2573.0,7444.0,2628.0,347.0,20.0,35.0,0.304,-0.002,0.58,0.756
445009,-2513.0,7478.0,2706.0,290.0,21.0,44.0,0.303,-0.001,0.582,0.754
445022,-2531.0,6894.0,2850.0,395.0,14.0,10.0,0.303,-0.0,0.585,0.752
445045,-2423.0,7158.0,2756.0,485.0,4.0,-1.0,0.303,0.001,0.588,0.75
445058,-2465.0,7350.0,2526.0,459.0,7.0,29.0,0.303,0.003,0.592,0.747
445081,-2385.0,7434.0,2412.0,353.0,31.0,46.0,0.302,0.004,0.594,0.746
445094,-2387.0,7312.0,2334.0,278.0,48.0,38.0,0.301,0.005,0.596,0.744
445107,-2599.0,7768.0,2162.0,134.0,29.0,48.0,0.301,0.005,0.597,0.744
445130,-2675.0,7642.0,2198.0,-9.0,25.0,59.0,0.3,0.005,0.597,0.744
445143,-2667.0,7472.0,2202.0,-101.0,20.0,73.0,0.3,0.005,0.597,0.744
445166,-2551.0,7638.0,2276.0,-181.0,28.0,71.0,0.299,0.005,0.595,0.746
445179,-2501.0,7436.0,2234.0,-269.0,52.0,85.0,0.298,0.005,0.594,0.747
445202,-2561.0,7756.0,2082.0,-337.0,34.0,92.0,0.297,0.004,0.592,0.749
445215,-2629.0,7536.0,2390.0,-416.0,20.0,116.0,0.296,0.003,0.589,0.752
445238,-2657.0,7414.0,2634.0,-420.0,-26.0,107.0,0.296,0.003,0.586,0.755
445251,-2451.0,7020.0,2668.0,-330.0,-32.0,92.0,0.295,0.003,0.583,0.757
445264,-2419.0,6942.0,2800.0,-200.0,-31.0,49.0,0.295,0.003,0.582,0.758
445287,-2435.0,6862.0,2732.0,-64.0,-6.0,23.0,0.295,0.003,0.581,0.758
445300,-2515.0,7072.0,2580.0,-25.0,3.0,27.0,0.295,0.003,0.581,0.759
445323,-2597.0,7678.0,2298.0,-80.0,5.0,54.0,0.295,0.003,0.581,0.759
445336,-2753.0,7468.0,2458.0,-167.0,-16.0,43.0,0.294,0.003,0.579,0.76
445359,-2551.0,7186.0,2538.0,-140.0,-24.0,14.0,0.294,0.003,0.578,0.761
445372,-2529.0,7244.0,2596.0,-84.0,-28.0,7.0,0.294,0.003,0.578,0.761
445395,-2593.0,7146.0,2678.0,-25.0,-29.0,1.0,0.295,0.003,0.577,0.761
445408,-2493.0,7142.0,2630.0,10.0,-20.0,18.0,0.294,0.004,0.577,0.761
445431,-2581.0,7176.0,2492.0,43.0,-17.0,5.0,0.294,0.004,0.578,0.761
445444,-2519.0,7362.0,2462.0,49.0,-26.0,-7.0,0.295,0.004,0.578,0.761
445457,-2593.0,7450.0,2632.0,16.0,-36.0,-14.0,0.295,0.005,0.578,0.761
445480,-2565.0,7300.0,2708.0,3.0,-51.0,-37.0,0.295,0.005,0.578,0.761
445493,-2487.0,7306.0,2636.0,6.0,-53.0,-38.0,0.296,0.005,0.578,0.761
445516,-2535.0,7330.0,2580.0,5.0,-49.0,-41.0,0.296,0.005,0.578,0.76
445529,-2547.0,7484.0,2482.0,-29.0,-48.0,-37.0,0.297,0.005,0.578,0.76
445552,-2565.0,7464.0,2566.0,-73.0,-51.0,-31.0,0.297,0.005,0.577,0.761
445565,-2545.0,7308.0,2678.0,-71.0,-46.0,-26.0,0.298,0.005,0.576,0.761
445588,-2545.0,7526.0,2738.0,-86.0,-46.0,1.0,0.298,0.006,0.576,0.761
445601,-2641.0,7350.0,2702.0,-60.0,-52.0,44.0,0.298,0.006,0.575,0.762
445624,-2579.0,7258.0,2738.0,10.0,-64.0,44.0,0.298,0.007,0.575,0.762
445637,-2585.0,7320.0,2744.0,59.0,-68.0,54.0,0.298,0.008,0.575,0.762
445650,-2617.0,7232.0,2814.0,96.0,-69.0,60.0,0.298,0.009,0.576,0.761
445673,-2651.0,7344.0,2786.0,91.0,-83.0,49.0,0.298,0.01,0.576,0.761
445686,-2525.0,7194.0,2738.0,75.0,-83.0,41.0,0.298,0.011,0.576,0.761
445709,-2551.0,7010.0,2944.0,125.0,-102.0,34.0,0.298,0.012,0.577,0.76
445722,-2489.0,7034.0,2868.0,249.0,-103.0,41.0,0.299,0.014,0.578,0.759
445745,-2455.0,7066.0,2756.0,336.0,-87.0,33.0,0.299,0.016,0.58,0.757
445758,-2471.0,7332.0,2550.0,365.0,-62.0,7.0,0.299,0.017,0.583,0.755
445781,-2543.0,7532.0,2388.0,338.0,-54.0,4.0,0.299,0.019,0.585,0.754
445794,-2471.0,7260.0,2358.0,318.0,-46.0,-19.0,0.299,0.02,0.587,0.752
445817,-2505.0,7578.0,2128.0,210.0,-39.0,-35.0,0.3,0.02,0.589,0.75
445830,-2421.0,7492.0,2064.0,80.0,-5.0,-37.0,0.3,0.02,0.589,0.75
445843,-2421.0,7610.0,2240.0,-14.0,-31.0,-25.0,0.3,0.021,0.589,0.75
445866,-2265.0,7588.0,2270.0,-56.0,-27.0,-14.0,0.3,0.021,0.589,0.75
445879,-2421.0,7610.0,2196.0,-72.0,-22.0,2.0,0.3,0.021,0.588,0.75
445902,-2269.0,7320.0,2414.0,-29.0,-32.0,7.0,0.301,0.021,0.588,0.751
445915,-2265.0,7222.0,2504.0,81.0,-32.0,4.0,0.301,0.021,0.588,0.75
445938,-2285.0,7256.0,2394.0,196.0,-19.0,-48.0,0.301,0.022,0.59,0.749
445951,-2311.0,7562.0,2144.0,153.0,35.0,-31.0,0.301,0.022,0.591,0.748
445974,-2391.0,7528.0,2098.0,79.0,36.0,-48.0,0.301,0.022,0.592,0.747
445987,-2251.0,7480.0,2104.0,4.0,30.0,-60.0,0.301,0.021,0.592,0.747
446000,-2307.0,7480.0,2226.0,-41.0,50.0,-58.0,0.301,0.021,0.592,0.747
446023,-2399.0,7296.0,2534.0,-49.0,56.0,-23.0,0.301,0.02,0.592,0.748
446036,-2369.0,7186.0,2592.0,18.0,57.0,-26.0,0.301,0.02,0.592,0.747
446059,-2425.0,7426.0,2530.0,51.0,60.0,-19.0,0.301,0.019,0.592,0.747
446072,-2401.0,7456.0,2580.0,49.0,69.0,-21.0,0.301,0.019,0.593,0.747
446095,-2385.0,7508.0,2338.0,40.0,64.0,-55.0,0.3,0.018,0.593,0.747
446108,-2381.0,7594.0,2150.0,-28.0,88.0,-54.0,0.3,0.017,0.593,0.747
446131,-2457.0,7294.0,2174.0,-50.0,92.0,-39.0,0.3,0.016,0.593,0.747
446144,-2509.0,7386.0,2238.0,-16.0,76.0,-30.0,0.3,0.016,0.594,0.747
446167,-2507.0,7378.0,2278.0,-33.0,72.0,-7.0,0.299,0.015,0.594,0.747
446180,-2535.0,7322.0,2454.0,-40.0,80.0,-19.0,0.299,0.014,0.594,0.747
446193,-2521.0,7496.0,2404.0,-54.0,79.0,-38.0,0.299,0.014,0.593,0.747
446216,-2623.0,7302.0,2440.0,-69.0,62.0,-44.0,0.299,0.013,0.593,0.748
446229,-2611.0,7304.0,2462.0,-47.0,52.0,-27.0,0.299,0.012,0.593,0.748
446252,-2609.0,7368.0,2432.0,-43.0,55.0,1.0,0.299,0.012,0.593,0.748
446265,-2627.0,7356.0,2422.0,-47.0,50.0,5.0,0.298,0.011,0.593,0.748
446288,-2615.0,7454.0,2314.0,-33.0,32.0,-17.0,0.298,0.011,0.592,0.748
446301,-2563.0,7456.0,2454.0,-53.0,16.0,-25.0,0.298,0.011,0.592,0.749
446324,-2583.0,7338.0,2428.0,-51.0,17.0,-15.0,0.298,0.01,0.592,0.749
446337,-2565.0,7298.0,2374.0,-47.0,16.0,-4.0,0.298,0.01,0.592,0.749
446350,-2557.0,7316.0,2370.0,-34.0,20.0,9.0,0.298,0.01,0.591,0.749
446373,-2531.0,7430.0,2366.0,-18.0,9.0,-4.0,0.298,0.01,0.591,0.749
446386,-2465.0,7384.0,2338.0,-13.0,16.0,-16.0,0.298,0.01,0.591,0.749
446409,-2513.0,7266.0,2464.0,3.0,15.0,-33.0,0.298,0.01,0.591,0.749
446422,-2589.0,7290.0,2450.0,19.0,14.0,-27.0,0.298,0.01,0.591,0.749
446445,-2543.0,7306.0,2472.0,31.0,19.0,-16.0,0.298,0.009,0.592,0.749
446458,-2613.0,7374.0,2372.0,43.0,27.0,-6.0,0.298,0.009,0.592,0.749
446476,-2549.0,7430.0,2336.0,41.0,36.0,-3.0,0.298,0.009,0.593,0.748
446499,-2571.0,7404.0,2266.0,37.0,35.0,-22.0,0.298,0.009,0.593,0.748
446512,-2527.0,7386.0,2320.0,36.0,37.0,-37.0,0.298,0.009,0.593,0.748
446535,-2529.0,7336.0,2318.0,36.0,39.0,-43.0,0.298,0.008,0.594,0.747
446548,-2503.0,7312.0,2386.0,50.0,39.0,-42.0,0.298,0.008,0.594,0.747
446561,-2517.0,7314.0,2392.0,35.0,45.0,-45.0,0.298,0.008,0.594,0.747
446584,-2519.0,7314.0,2452.0,33.0,41.0,-59.0,0.298,0.007,0.595,0.746
446597,-2565.0,7300.0,2476.0,40.0,43.0,-65.0,0.299,0.007,0.595,0.746
446620,-2553.0,7240.0,2410.0,42.0,35.0,-86.0,0.299,0.006,0.596,0.746
446633,-2619.0,7254.0,2348.0,38.0,42.0,-93.0,0.299,0.005,0.596,0.745
446656,-2617.0,7470.0,2240.0,11.0,27.0,-100.0,0.3,0.005,0.596,0.745
446669,-2717.0,7706.0,2084.0,-91.0,19.0,-104.0,0.3,0.004,0.596,0.745
446692,-2655.0,7792.0,1824.0,-253.0,3.0,-108.0,0.301,0.003,0.594,0.746
446705,-2697.0,7904.0,1536.0,-413.0,-29.0,-107.0,0.302,0.001,0.591,0.748
446718,-2697.0,8126.0,1632.0,-703.0,-90.0,-94.0,0.303,-0.0,0.586,0.751
446741,-2671.0,7372.0,2410.0,-771.0,-168.0,-89.0,0.304,-0.002,0.58,0.755
446754,-2499.0,7086.0,2542.0,-658.0,-174.0,-127.0,0.306,-0.003,0.575,0.758
446777,-2577.0,7080.0,2770.0,-479.0,-199.0,-149.0,0.308,-0.004,0.571,0.761
446790,-2583.0,6988.0,2994.0,-331.0,-172.0,-127.0,0.31,-0.004,0.568,0.762
446813,-2829.0,7196.0,2844.0,-236.0,-173.0,-117.0,0.312,-0.004,0.566,0.763
446826,-2999.0,7184.0,2890.0,-191.0,-150.0,-63.0,0.313,-0.004,0.565,0.764
446849,-2905.0,7188.0,2766.0,-142.0,-121.0,-52.0,0.314,-0.004,0.563,0.764
446862,-2933.0,6880.0,2504.0,-161.0,-58.0,-99.0,0.315,-0.005,0.562,0.765
446885,-2955.0,7334.0,2308.0,-222.0,-40.0,-221.0,0.317,-0.006,0.56,0.765
446898,-2523.0,7824.0,2270.0,-297.0,103.0,-309.0,0.318,-0.009,0.559,0.766
446911,-2543.0,7470.0,2504.0,-435.0,133.0,-245.0,0.319,-0.012,0.556,0.767
446934,-2393.0,6422.0,3114.0,-334.0,121.0,-212.0,0.32,-0.015,0.554,0.768
446947,-2593.0,7184.0,3546.0,-367.0,72.0,-54.0,0.32,-0.017,0.552,0.77
446970,-3037.0,7122.0,3682.0,-409.0,36.0,-133.0,0.321,-0.019,0.549,0.772
446983,-3039.0,6496.0,3488.0,-477.0,-40.0,-113.0,0.322,-0.021,0.545,0.774
447006,-3001.0,6762.0,3404.0,-539.0,-60.0,-104.0,0.323,-0.022,0.541,0.776
447019,-2951.0,7110.0,3450.0,-647.0,-113.0,-141.0,0.324,-0.024,0.536,0.779
447042,-2859.0,7954.0,2962.0,-1009.0,-135.0,-215.0,0.326,-0.027,0.528,0.783
447055,-2617.0,6372.0,4400.0,-1336.0,-239.0,-233.0,0.329,-0.03,0.518,0.789
447078,-2375.0,5252.0,6156.0,-902.0,-255.0,-202.0,0.332,-0.032,0.51,0.793
447091,-2385.0,5986.0,6412.0,-376.0,-138.0,5.0,0.332,-0.032,0.506,0.795
447104,-2349.0,7464.0,6132.0,-393.0,-216.0,182.0,0.332,-0.031,0.503,0.798
447127,-2035.0,9360.0,5802.0,-1027.0,-533.0,278.0,0.332,-0.028,0.494,0.803
447140,-2251.0,10106.0,7548.0,-1953.0,-904.0,148.0,0.335,-0.027,0.476,0.813
447163,3139.0,11144.0,9922.0,-2556.0,-1664.0,1093.0,0.333,-0.017,0.452,0.828
447176,-985.0,8256.0,6864.0,-3806.0,-815.0,1017.0,0.328,-0.019,0.42,0.846
447199,-747.0,8978.0,6484.0,-4041.0,-1192.0,543.0,0.328,-0.019,0.384,0.863
447212,-165.0,8464.0,7056.0,-4593.0,-964.0,682.0,0.324,-0.023,0.344,0.881
447235,263.0,8938.0,7914.0,-5022.0,-676.0,832.0,0.318,-0.03,0.3,0.899
447248,-865.0,7514.0,8086.0,-5115.0,-149.0,1078.0,0.308,-0.041,0.257,0.915
447271,-63.0,4084.0,8946.0,-4861.0,485.0,1088.0,0.296,-0.056,0.217,0.929
447284,-479.0,760.0,9884.0,-3554.0,1901.0,1001.0,0.281,-0.08,0.192,0.937
447297,-547.0,-2516.0,10158.0,-1391.0,2607.0,883.0,0.268,-0.105,0.187,0.939
447320,-3087.0,-2982.0,8026.0,945.0,3534.0,706.0,0.256,-0.132,0.205,0.935
447333,-7289.0,-1900.0,5246.0,2467.0,3674.0,589.0,0.247,-0.157,0.236,0.927
447356,-8889.0,138.0,2254.0,3695.0,3638.0,199.0,0.243,-0.18,0.276,0.912
447369,-8417.0,2968.0,-202.0,4797.0,2936.0,-529.0,0.248,-0.196,0.323,0.892
447392,-8155.0,4648.0,-2246.0,4935.0,1681.0,-1079.0,0.261,-0.202,0.365,0.871
447405,-7595.0,5396.0,-4346.0,5103.0,893.0,-1800.0,0.282,-0.202,0.405,0.846
447428,-8393.0,5552.0,-5700.0,5445.0,208.0,-2536.0,0.311,-0.199,0.443,0.817
447441,-8381.0,6194.0,-5666.0,5497.0,-365.0,-3041.0,0.345,-0.192,0.478,0.785
447454,-8683.0,6814.0,-5654.0,5242.0,-1052.0,-3457.0,0.384,-0.183,0.506,0.751
447477,-8853.0,5430.0,-5026.0,5036.0,-1718.0,-3419.0,0.424,-0.169,0.528,0.717
447490,-8657.0,4498.0,-4252.0,4913.0,-2286.0,-3246.0,0.463,-0.15,0.546,0.682
447513,-8065.0,3854.0,-3924.0,4920.0,-2739.0,-2888.0,0.502,-0.126,0.56,0.647
447526,-7095.0,5100.0,-3522.0,4979.0,-3055.0,-2393.0,0.537,-0.096,0.572,0.613
447549,-6323.0,6636.0,-2190.0,4724.0,-3405.0,-2047.0,0.57,-0.064,0.579,0.579
447562,-5581.0,7074.0,-628.0,4279.0,-3817.0,-1864.0,0.602,-0.031,0.58,0.548
447585,-2503.0,7960.0,2396.0,3411.0,-3603.0,-510.0,0.624,0.005,0.576,0.528
447598,-6019.0,11892.0,3518.0,2769.0,-3888.0,-2489.0,0.656,0.026,0.567,0.498
447621,-2705.0,7142.0,5316.0,1558.0,-3409.0,-914.0,0.677,0.047,0.553,0.483
447634,-3879.0,7748.0,5570.0,1264.0,-2487.0,-682.0,0.692,0.062,0.543,0.471
447647,-4283.0,7854.0,5990.0,925.0,-2186.0,-791.0,0.706,0.073,0.533,0.46
447670,-4111.0,6150.0,5486.0,983.0,-1875.0,-1007.0,0.718,0.083,0.526,0.448
447683,-4039.0,6544.0,3964.0,1116.0,-1616.0,-1041.0,0.729,0.092,0.52,0.434
447706,-3853.0,6862.0,3202.0,1214.0,-1494.0,-1038.0,0.739,0.102,0.516,0.42
447719,-4185.0,5758.0,2786.0,1245.0,-1434.0,-1019.0,0.749,0.111,0.512,0.406
447742,-4263.0,5224.0,2760.0,1307.0,-1528.0,-887.0,0.758,0.122,0.507,0.392
447755,-3519.0,4978.0,2902.0,1307.0,-1670.0,-676.0,0.766,0.134,0.501,0.38
447778,-4121.0,4014.0,2758.0,1265.0,-1946.0,-474.0,0.775,0.147,0.492,0.368
447791,-399.0,6538.0,3824.0,989.0,-987.0,1338.0,0.774,0.165,0.486,0.372
447804,-3303.0,7290.0,3166.0,579.0,-805.0,324.0,0.775,0.174,0.481,0.371
447827,-1837.0,5844.0,3652.0,244.0,-1134.0,-30.0,0.78,0.179,0.474,0.368
447840,-1543.0,5338.0,3900.0,175.0,-894.0,215.0,0.782,0.184,0.468,0.368
447863,-1667.0,5712.0,3796.0,209.0,-732.0,294.0,0.784,0.189,0.463,0.368
447876,-1443.0,6544.0,3290.0,146.0,-724.0,156.0,0.786,0.194,0.457,0.367
447899,-957.0,7300.0,3932.0,-124.0,-594.0,29.0,0.789,0.196,0.452,0.368
447912,-1301.0,6242.0,4834.0,-359.0,-384.0,29.0,0.791,0.195,0.448,0.369
447935,-1995.0,5738.0,5124.0,-338.0,-187.0,97.0,0.792,0.194,0.444,0.371
447948,-2525.0,5160.0,4964.0,-117.0,-140.0,116.0,0.792,0.195,0.442,0.373
447971,-2571.0,5394.0,5130.0,96.0,0.0,73.0,0.792,0.196,0.442,0.373
447984,-2715.0,6430.0,5322.0,-17.0,34.0,-10.0,0.792,0.196,0.442,0.373
447997,-1695.0,7648.0,5346.0,-453.0,115.0,203.0,0.791,0.193,0.441,0.377
448020,-591.0,9310.0,4912.0,-1090.0,287.0,188.0,0.791,0.185,0.439,0.383
448033,229.0,9744.0,5602.0,-1865.0,666.0,185.0,0.791,0.169,0.437,0.393
448056,-285.0,7982.0,6782.0,-2273.0,968.0,8.0,0.791,0.149,0.435,0.404
448069,-419.0,7500.0,6876.0,-2810.0,1004.0,-200.0,0.791,0.123,0.432,0.415
448092,-419.0,7248.0,6602.0,-3259.0,1246.0,-172.0,0.79,0.094,0.429,0.428
448105,-635.0,5704.0,5920.0,-3756.0,1470.0,-174.0,0.787,0.06,0.424,0.444
448128,-1213.0,4756.0,4850.0,-4299.0,1982.0,210.0,0.78,0.021,0.42,0.463
448141,-1615.0,3528.0,4564.0,-4696.0,2637.0,602.0,0.767,-0.022,0.419,0.485
448164,-3313.0,3124.0,4232.0,-5058.0,3209.0,573.0,0.75,-0.07,0.418,0.508
448177,-4627.0,1972.0,3558.0,-5236.0,3335.0,1312.0,0.726,-0.117,0.417,0.534
448190,-5181.0,1730.0,2848.0,-5292.0,3437.0,2144.0,0.695,-0.161,0.415,0.564
448213,-5705.0,308.0,2136.0,-4814.0,3453.0,2488.0,0.661,-0.201,0.415,0.592
448226,-6163.0,770.0,1302.0,-4604.0,3385.0,2984.0,0.622,-0.236,0.416,0.621
448249,-6833.0,-136.0,-590.0,-4765.0,3175.0,3329.0,0.579,-0.268,0.413,0.65
448262,-7017.0,740.0,-446.0,-4350.0,2423.0,3595.0,0.536,-0.292,0.408,0.679
448285,-7117.0,594.0,-1316.0,-3640.0,2002.0,3760.0,0.494,-0.307,0.405,0.705
448298,-8465.0,1828.0,-1810.0,-2987.0,853.0,3967.0,0.456,-0.312,0.401,0.73
448321,-9239.0,3118.0,-834.0,-2195.0,-380.0,3920.0,0.425,-0.304,0.396,0.755
448334,-8861.0,4586.0,410.0,-1391.0,-1252.0,3905.0,0.398,-0.285,0.392,0.779
448347,-9471.0,7048.0,268.0,-885.0,-1835.0,3646.0,0.376,-0.262,0.389,0.799
448370,-7171.0,8454.0,2060.0,-1005.0,-1806.0,3954.0,0.351,-0.237,0.384,0.821
448383,-10595.0,6072.0,2554.0,-39.0,-2016.0,1786.0,0.344,-0.215,0.381,0.831
448406,-8299.0,9472.0,4996.0,985.0,-2523.0,1764.0,0.342,-0.186,0.384,0.837
448419,-7191.0,11054.0,6710.0,920.0,-2752.0,1505.0,0.342,-0.156,0.385,0.843
448442,-5227.0,8750.0,6310.0,669.0,-2435.0,1449.0,0.34,-0.129,0.385,0.848
448455,-3773.0,8330.0,4840.0,163.0,-1827.0,1187.0,0.338,-0.11,0.381,0.854
448483,-4555.0,9538.0,4360.0,-352.0,-1844.0,717.0,0.338,-0.094,0.373,0.859
448496,-1561.0,6986.0,6500.0,-306.0,-1219.0,83.0,0.342,-0.084,0.367,0.861
448509,-2825.0,6214.0,6630.0,566.0,-737.0,-137.0,0.346,-0.077,0.369,0.859
448522,-2689.0,5410.0,6954.0,1225.0,-647.0,-286.0,0.351,-0.069,0.377,0.854
448545,-1787.0,2450.0,5084.0,1893.0,-341.0,-81.0,0.354,-0.06,0.391,0.847
448558,113.0,3254.0,8162.0,2590.0,219.0,44.0,0.355,-0.053,0.411,0.838
448581,1639.0,5556.0,10944.0,1938.0,1107.0,696.0,0.346,-0.052,0.43,0.832
448594,-3009.0,3402.0,6302.0,2753.0,1757.0,784.0,0.335,-0.054,0.457,0.823
448617,-283.0,7626.0,7050.0,3108.0,1494.0,938.0,0.323,-0.051,0.485,0.811
448630,-3045.0,6138.0,4846.0,2103.0,1604.0,827.0,0.31,-0.053,0.506,0.803
448653,-3551.0,4670.0,2526.0,1620.0,1152.0,753.0,0.3,-0.054,0.522,0.797
448666,-2953.0,6674.0,1312.0,1121.0,737.0,696.0,0.292,-0.052,0.533,0.792
448689,-2965.0,6948.0,1716.0,1009.0,515.0,871.0,0.283,-0.049,0.543,0.789
448702,-2707.0,6008.0,1792.0,1279.0,516.0,960.0,0.274,-0.044,0.554,0.785
448715,-3853.0,6906.0,580.0,822.0,707.0,698.0,0.266,-0.044,0.562,0.782
448738,-2829.0,8702.0,3442.0,483.0,382.0,518.0,0.261,-0.043,0.567,0.78
448751,-2701.0,8364.0,3334.0,304.0,368.0,361.0,0.256,-0.043,0.57,0.779
448774,-2923.0,8276.0,3286.0,253.0,270.0,174.0,0.254,-0.043,0.573,0.778
448787,-2697.0,8178.0,2652.0,109.0,420.0,25.0,0.251,-0.046,0.575,0.778
448810,-3403.0,8006.0,2348.0,-100.0,287.0,-79.0,0.251,-0.048,0.575,0.778
448823,-3287.0,6974.0,1966.0,-209.0,460.0,-93.0,0.249,-0.053,0.574,0.778
448846,-3073.0,6836.0,2010.0,-64.0,540.0,101.0,0.245,-0.056,0.575,0.778
448859,-3283.0,7486.0,1976.0,-61.0,548.0,193.0,0.241,-0.059,0.576,0.779
448882,-2779.0,7490.0,2202.0,-224.0,566.0,41.0,0.237,-0.063,0.576,0.78
448895,-2933.0,7036.0,2330.0,-242.0,568.0,3.0,0.234,-0.068,0.576,0.78
448908,-3055.0,7098.0,2790.0,-164.0,557.0,79.0,0.231,-0.072,0.576,0.781
448931,-2897.0,7356.0,2888.0,-116.0,497.0,9.0,0.228,-0.076,0.576,0.781
448944,-2995.0,7180.0,2998.0,-86.0,451.0,-8.0,0.226,-0.079,0.576,0.782
448967,-2903.0,7488.0,2614.0,-120.0,382.0,-23.0,0.224,-0.082,0.576,0.782
448980,-2937.0,6754.0,2448.0,-16.0,313.0,-67.0,0.223,-0.084,0.577,0.782
449003,-2987.0,7104.0,2622.0,159.0,302.0,23.0,0.221,-0.086,0.578,0.78
449016,-2951.0,7478.0,2850.0,173.0,334.0,-48.0,0.22,-0.088,0.58,0.779
449039,-2935.0,7266.0,2696.0,215.0,290.0,-54.0,0.219,-0.09,0.582,0.778
449052,-2879.0,7390.0,2478.0,231.0,234.0,-75.0,0.218,-0.091,0.585,0.776
449075,-2795.0,7446.0,2180.0,264.0,169.0,-68.0,0.218,-0.092,0.587,0.774
449088,-2799.0,7326.0,2548.0,288.0,109.0,-21.0,0.218,-0.092,0.589,0.772
449101,-2961.0,7684.0,2338.0,199.0,49.0,-72.0,0.219,-0.092,0.591,0.771
449124,-2823.0,7328.0,2106.0,111.0,39.0,-139.0,0.22,-0.093,0.591,0.77
449137,-2671.0,7220.0,1878.0,94.0,19.0,-116.0,0.221,-0.093,0.592,0.769
449160,-2721.0,7414.0,1774.0,118.0,44.0,-70.0,0.221,-0.094,0.593,0.768
449173,-2751.0,7304.0,1874.0,158.0,39.0,-36.0,0.221,-0.094,0.594,0.767
449196,-2855.0,7524.0,1976.0,153.0,67.0,-56.0,0.221,-0.094,0.596,0.766
449209,-2967.0,7318.0,2222.0,126.0,62.0,-112.0,0.222,-0.095,0.597,0.765
449232,-2883.0,7086.0,2344.0,218.0,73.0,-115.0,0.223,-0.095,0.598,0.764
449245,-3067.0,7708.0,1746.0,196.0,100.0,-146.0,0.223,-0.096,0.6,0.762
449258,-3015.0,6964.0,1996.0,329.0,131.0,-84.0,0.223,-0.097,0.602,0.76
449281,-3251.0,7694.0,2194.0,559.0,123.0,5.0,0.223,-0.096,0.607,0.757
449294,-3409.0,7008.0,2110.0,672.0,96.0,-86.0,0.224,-0.096,0.611,0.753
449317,-3733.0,6942.0,1972.0,848.0,77.0,-35.0,0.225,-0.095,0.618,0.748
449330,-3413.0,7506.0,452.0,887.0,96.0,-61.0,0.226,-0.094,0.624,0.742
449353,-3301.0,7598.0,138.0,979.0,217.0,-349.0,0.228,-0.095,0.631,0.735
449366,-3233.0,9136.0,1864.0,1160.0,339.0,-490.0,0.23,-0.098,0.639,0.727
449389,-2799.0,9642.0,3044.0,927.0,382.0,-715.0,0.234,-0.103,0.646,0.72
449402,-2965.0,10018.0,3380.0,955.0,331.0,-1003.0,0.239,-0.109,0.652,0.711
449425,-2595.0,11068.0,2578.0,972.0,249.0,-1564.0,0.249,-0.118,0.657,0.701
449438,-2931.0,12302.0,2830.0,647.0,367.0,-1711.0,0.259,-0.129,0.66,0.693
449451,-4317.0,13126.0,3422.0,142.0,328.0,-1556.0,0.267,-0.14,0.66,0.688
449474,-5559.0,11654.0,3368.0,-414.0,188.0,-1701.0,0.276,-0.153,0.656,0.686
449487,-5771.0,11988.0,3464.0,-1028.0,27.0,-2074.0,0.288,-0.168,0.646,0.686
449510,-5947.0,9990.0,3096.0,-1393.0,264.0,-2307.0,0.299,-0.187,0.634,0.688
449523,-6401.0,10500.0,3802.0,-1807.0,458.0,-2352.0,0.308,-0.209,0.62,0.691
449546,-7973.0,8752.0,-30084.0,-2401.0,315.0,-2450.0,0.318,-0.232,0.6,0.697
449559,-5941.0,9136.0,4184.0,-2862.0,485.0,-2570.0,0.326,-0.257,0.577,0.703
449582,-5889.0,6490.0,2128.0,-3398.0,616.0,-2131.0,0.328,-0.283,0.551,0.713
449595,-6131.0,4692.0,1658.0,-3131.0,987.0,-2628.0,0.332,-0.312,0.526,0.718
449618,-6261.0,5846.0,2580.0,-3010.0,1035.0,-2461.0,0.335,-0.339,0.502,0.721
449631,-6095.0,5080.0,2730.0,-3572.0,1045.0,-2396.0,0.335,-0.368,0.474,0.727
449644,-6007.0,4052.0,2114.0,-3938.0,1215.0,-1846.0,0.329,-0.396,0.445,0.733
449667,-6191.0,3536.0,1448.0,-4070.0,1383.0,-1689.0,0.32,-0.424,0.415,0.739
449680,-6575.0,2882.0,1170.0,-4226.0,1480.0,-1937.0,0.311,-0.453,0.382,0.742
449703,-6283.0,2806.0,1286.0,-4308.0,1552.0,-2240.0,0.303,-0.484,0.348,0.744
449716,-6221.0,1520.0,1218.0,-4068.0,1559.0,-2413.0,0.297,-0.513,0.313,0.742
449739,-6193.0,1854.0,816.0,-3894.0,1591.0,-2201.0,0.29,-0.54,0.28,0.738
449752,-6197.0,1848.0,450.0,-4008.0,1652.0,-2041.0,0.28,-0.567,0.247,0.734
449775,-6397.0,770.0,-206.0,-3993.0,1597.0,-1953.0,0.269,-0.592,0.214,0.729
449788,-6345.0,498.0,224.0,-3882.0,1505.0,-1768.0,0.257,-0.615,0.182,0.723
449811,-6567.0,792.0,264.0,-3817.0,1352.0,-1511.0,0.243,-0.635,0.152,0.717
449824,-6335.0,326.0,128.0,-3681.0,1126.0,-1268.0,0.229,-0.652,0.123,0.712
449837,-6249.0,50.0,-420.0,-3628.0,921.0,-1043.0,0.213,-0.667,0.095,0.708
449860,-6091.0,46.0,-802.0,-3528.0,768.0,-829.0,0.197,-0.679,0.069,0.704
449873,-6125.0,-1002.0,-532.0,-3226.0,610.0,-828.0,0.182,-0.689,0.044,0.7
449896,-5843.0,72.0,-640.0,-2907.0,360.0,-754.0,0.169,-0.696,0.021,0.697
449909,-5723.0,-342.0,-1034.0,-2862.0,221.0,-659.0,0.155,-0.702,-0.0,0.695
449932,-5865.0,-298.0,-906.0,-2871.0,48.0,-543.0,0.14,-0.707,-0.022,0.693
449945,-5925.0,-1458.0,-1122.0,-2890.0,-89.0,-305.0,0.124,-0.709,-0.042,0.693
449968,-5883.0,-1080.0,-614.0,-2535.0,-238.0,-72.0,0.108,-0.711,-0.059,0.693
449981,-5885.0,-1196.0,-596.0,-2291.0,-268.0,93.0,0.092,-0.711,-0.073,0.693
449994,-6065.0,-1488.0,-892.0,-2115.0,-255.0,244.0,0.077,-0.711,-0.084,0.693
450017,-6263.0,-1950.0,-1196.0,-1910.0,-236.0,361.0,0.062,-0.711,-0.094,0.694
450030,-6063.0,-1352.0,-1018.0,-1579.0,-210.0,421.0,0.049,-0.711,-0.101,0.694
450053,-6423.0,-1378.0,-986.0,-1325.0,-166.0,581.0,0.037,-0.711,-0.105,0.694
450066,-6745.0,-1264.0,-820.0,-1077.0,-176.0,719.0,0.026,-0.711,-0.107,0.694
450089,-7147.0,-1100.0,-880.0,-992.0,-205.0,789.0,0.014,-0.711,-0.108,0.695
450102,-7361.0,-1622.0,-728.0,-896.0,-153.0,726.0,0.004,-0.711,-0.109,0.695
450125,-7629.0,-758.0,-838.0,-839.0,-126.0,676.0,0.006,0.711,0.109,-0.695
450138,-7809.0,-1084.0,-996.0,-687.0,-114.0,728.0,0.015,0.711,0.108,-0.694
450161,-8457.0,-1102.0,-936.0,-477.0,-143.0,853.0,0.023,0.711,0.106,-0.695
450174,-8691.0,-896.0,-822.0,-245.0,-283.0,859.0,0.031,0.71,0.101,-0.696
450187,-8547.0,-472.0,-1634.0,-367.0,-443.0,636.0,0.037,0.708,0.099,-0.698
450210,-9587.0,-940.0,-2276.0,-139.0,123.0,830.0,0.043,0.71,0.094,-0.697
450223,-8387.0,516.0,-834.0,-125.0,-247.0,-353.0,0.042,0.708,0.097,-0.698
450246,-9047.0,-1232.0,-752.0,-135.0,-172.0,68.0,0.043,0.707,0.097,-0.699
450259,-8589.0,-40.0,-792.0,27.0,-141.0,-95.0,0.042,0.706,0.097,-0.7
450282,-8821.0,-484.0,-152.0,197.0,-46.0,-239.0,0.039,0.706,0.097,-0.701
450295,-8477.0,-26.0,-602.0,122.0,-23.0,-50.0,0.038,0.706,0.096,-0.701
450318,-8613.0,-472.0,-498.0,145.0,-1.0,-171.0,0.036,0.706,0.096,-0.701
450331,-8395.0,-346.0,-424.0,187.0,89.0,-179.0,0.033,0.706,0.095,-0.701
450344,-8287.0,-278.0,-298.0,179.0,90.0,-76.0,0.031,0.707,0.095,-0.7
450367,-8217.0,-342.0,-206.0,180.0,67.0,47.0,0.03,0.707,0.093,-0.7
450380,-8267.0,-416.0,-110.0,201.0,61.0,25.0,0.029,0.708,0.091,-0.7
450403,-8113.0,-422.0,-102.0,107.0,97.0,91.0,0.028,0.709,0.09,-0.699
450416,-8067.0,-472.0,16.0,131.0,79.0,65.0,0.028,0.709,0.088,-0.699
450439,-8073.0,-352.0,-112.0,144.0,48.0,46.0,0.027,0.71,0.086,-0.699
450452,-7951.0,-670.0,2.0,106.0,74.0,-39.0,0.026,0.71,0.086,-0.698
450475,-8233.0,-460.0,162.0,74.0,25.0,-77.0,0.024,0.71,0.086,-0.698
450493,-8345.0,-430.0,492.0,-95.0,-47.0,-184.0,0.024,0.71,0.087,-0.699
450506,-8207.0,-786.0,436.0,-242.0,-126.0,-342.0,0.023,0.708,0.091,-0.7
450519,-8067.0,-1070.0,228.0,-215.0,-147.0,-400.0,0.021,0.707,0.094,-0.701
450542,-8229.0,-1032.0,546.0,-178.0,-82.0,-421.0,0.02,0.706,0.098,-0.701
450555,-8015.0,-1022.0,502.0,-95.0,-58.0,-404.0,0.017,0.705,0.101,-0.702
450578,-8361.0,-904.0,414.0,-166.0,-14.0,-407.0,0.015,0.705,0.104,-0.702
450591,-8153.0,-1106.0,340.0,-182.0,-15.0,-442.0,0.014,0.704,0.108,-0.702
450614,-8077.0,-1154.0,400.0,-187.0,40.0,-457.0,0.012,0.704,0.112,-0.701
450627,-8271.0,-1200.0,360.0,-250.0,68.0,-431.0,0.01,0.704,0.116,-0.701
450650,-8043.0,-1240.0,510.0,-181.0,41.0,-411.0,0.008,0.703,0.12,-0.701
450663,-8165.0,-1324.0,422.0,-232.0,74.0,-335.0,0.007,0.703,0.123,-0.7
450686,-8127.0,-1444.0,464.0,-237.0,48.0,-271.0,0.007,0.703,0.126,-0.699
450699,-8105.0,-1574.0,218.0,-221.0,57.0,-243.0,0.006,0.703,0.129,-0.699
450712,-8115.0,-1636.0,228.0,-226.0,37.0,-200.0,0.006,0.703,0.132,-0.698
450735,-7863.0,-1760.0,242.0,-198.0,84.0,-170.0,0.006,0.704,0.134,-0.698
450748,-8007.0,-1696.0,134.0,-128.0,73.0,-130.0,0.006,0.704,0.136,-0.697
450771,-8007.0,-1756.0,140.0,-118.0,61.0,-89.0,0.005,0.704,0.137,-0.697
450784,-8063.0,-1852.0,94.0,-131.0,22.0,-33.0,0.006,0.704,0.138,-0.696
450807,-7885.0,-1902.0,-256.0,-157.0,116.0,-22.0,0.006,0.705,0.139,-0.695
450820,-8067.0,-1850.0,-134.0,-156.0,84.0,3.0,0.007,0.706,0.139,-0.695
450843,-7955.0,-2008.0,-160.0,-83.0,66.0,0.0,0.007,0.706,0.14,-0.694
450856,-8191.0,-1774.0,-178.0,-26.0,20.0,19.0,0.007,0.706,0.14,-0.694
450879,-8545.0,-2484.0,-932.0,133.0,295.0,28.0,0.006,0.708,0.139,-0.692
450892,-9329.0,-240.0,-796.0,90.0,-309.0,-137.0,0.004,0.706,0.139,-0.694
450905,-9899.0,-44.0,-1392.0,-770.0,-414.0,146.0,0.011,0.704,0.142,-0.696
450928,-10613.0,-3192.0,242.0,-965.0,-66.0,187.0,0.018,0.703,0.147,-0.695
450941,-11207.0,-2486.0,346.0,-346.0,105.0,159.0,0.021,0.704,0.148,-0.694
450964,-11701.0,-1986.0,586.0,-74.0,314.0,-15.0,0.021,0.706,0.149,-0.692
450977,-12403.0,-2582.0,878.0,36.0,436.0,176.0,0.021,0.709,0.147,-0.689
451000,-12547.0,-2228.0,256.0,43.0,649.0,373.0,0.022,0.714,0.144,-0.685
451013,-13029.0,-2426.0,-38.0,53.0,746.0,497.0,0.023,0.72,0.141,-0.68
451036,-13223.0,-2220.0,188.0,137.0,746.0,607.0,0.025,0.725,0.136,-0.675
451049,-13049.0,-1840.0,-850.0,305.0,673.0,641.0,0.026,0.73,0.129,-0.67
451062,-13133.0,-1816.0,-2066.0,232.0,737.0,600.0,0.027,0.736,0.124,-0.665
451085,-12385.0,-1130.0,-2374.0,-129.0,944.0,350.0,0.029,0.742,0.122,-0.659
451098,-12599.0,-1396.0,-1040.0,-189.0,843.0,182.0,0.03,0.747,0.122,-0.653
451121,-11659.0,-1398.0,-514.0,-3.0,484.0,122.0,0.03,0.75,0.121,-0.649
451134,-10695.0,-2164.0,-1688.0,75.0,340.0,85.0,0.03,0.753,0.12,-0.647
451157,-9637.0,-414.0,-1570.0,29.0,424.0,-11.0,0.029,0.755,0.12,-0.644
451170,-10299.0,-1748.0,-690.0,-196.0,366.0,-15.0,0.029,0.757,0.121,-0.641
451193,-9487.0,-1690.0,-238.0,58.0,51.0,-79.0,0.028,0.758,0.121,-0.641
451206,-8715.0,-1184.0,-154.0,399.0,-164.0,-162.0,0.024,0.756,0.119,-0.643
451229,-8601.0,96.0,-1336.0,370.0,-284.0,19.0,0.022,0.755,0.116,-0.645
451242,-7733.0,-286.0,-1350.0,97.0,-290.0,70.0,0.021,0.753,0.114,-0.647
451255,-7853.0,-586.0,364.0,-34.0,-327.0,179.0,0.023,0.751,0.112,-0.65
451278,-6331.0,-1002.0,700.0,144.0,-405.0,148.0,0.023,0.749,0.11,-0.653
451291,-6197.0,-394.0,352.0,278.0,-430.0,240.0,0.022,0.747,0.106,-0.656
451314,-5533.0,284.0,-1466.0,217.0,-553.0,132.0,0.021,0.744,0.103,-0.66
451327,-5421.0,-1148.0,-1048.0,92.0,-461.0,1.0,0.021,0.741,0.102,-0.663
451350,-5437.0,-1316.0,-820.0,138.0,-547.0,-30.0,0.019,0.738,0.1,-0.667
451363,-5305.0,-1312.0,-82.0,181.0,-616.0,170.0,0.019,0.734,0.097,-0.672
451386,-5579.0,-2486.0,-734.0,163.0,-816.0,371.0,0.021,0.729,0.093,-0.677
451399,-4533.0,-1510.0,-1718.0,103.0,-1085.0,456.0,0.023,0.723,0.088,-0.685
451422,-2211.0,-170.0,-504.0,10.0,-1317.0,266.0,0.025,0.715,0.085,-0.694
451435,-829.0,-476.0,236.0,-25.0,-1194.0,268.0,0.027,0.707,0.083,-0.701
451448,-587.0,-1776.0,-662.0,46.0,-797.0,412.0,0.03,0.703,0.079,-0.707
451471,-1373.0,-1798.0,-586.0,279.0,-456.0,412.0,0.03,0.7,0.073,-0.71
451484,-1735.0,-248.0,-886.0,337.0,19.0,282.0,0.029,0.7,0.069,-0.71
451507,-2519.0,-384.0,-6.0,213.0,342.0,111.0,0.027,0.703,0.066,-0.708
451520,-3133.0,-288.0,-854.0,68.0,487.0,-11.0,0.026,0.706,0.065,-0.705
451543,-4103.0,-1774.0,-1982.0,31.0,654.0,-165.0,0.024,0.71,0.065,-0.7
451556,-4513.0,-1010.0,-338.0,135.0,824.0,-4.0,0.022,0.716,0.064,-0.695
451579,-3847.0,-1944.0,-996.0,-195.0,1204.0,140.0,0.022,0.724,0.064,-0.687
451592,-3971.0,-930.0,-1302.0,304.0,927.0,-696.0,0.015,0.729,0.066,-0.681
451605,-5435.0,-2470.0,-1648.0,17.0,984.0,-836.0,0.008,0.735,0.071,-0.674
451628,-5469.0,-1690.0,-700.0,179.0,775.0,-718.0,0.001,0.74,0.075,-0.669
451651,-5439.0,-1608.0,-1404.0,105.0,664.0,-793.0,0.005,-0.743,-0.079,0.664
451664,-6027.0,-1816.0,-1374.0,110.0,508.0,-645.0,0.011,-0.746,-0.082,0.661
451677,-6041.0,-2452.0,-2814.0,414.0,645.0,-746.0,0.02,-0.749,-0.084,0.657
451700,-6965.0,-1196.0,-1112.0,385.0,520.0,-678.0,0.027,-0.752,-0.086,0.653
451713,-6717.0,-1706.0,-1136.0,33.0,507.0,-627.0,0.032,-0.755,-0.089,0.649
451736,-6691.0,-1954.0,-1156.0,13.0,326.0,-525.0,0.036,-0.756,-0.092,0.647
451749,-7497.0,-2630.0,-1834.0,301.0,347.0,-433.0,0.042,-0.758,-0.093,0.644
451772,-6691.0,-1444.0,-832.0,405.0,243.0,-386.0,0.048,-0.759,-0.093,0.643
451785,-6657.0,-872.0,-32.0,174.0,66.0,-382.0,0.052,-0.759,-0.094,0.642
451798,-6727.0,-1526.0,-888.0,-20.0,-13.0,-466.0,0.055,-0.759,-0.097,0.642
451821,-6701.0,-430.0,-738.0,-35.0,-210.0,-884.0,0.06,-0.757,-0.103,0.643
451834,-7065.0,-2310.0,-1006.0,-37.0,-84.0,-1261.0,0.068,-0.755,-0.111,0.643
451857,-6685.0,-1076.0,294.0,183.0,-18.0,-1104.0,0.076,-0.753,-0.117,0.642
451870,-7781.0,-1332.0,580.0,3.0,70.0,-781.0,0.081,-0.753,-0.122,0.642
451893,-7839.0,-1636.0,-968.0,-100.0,-37.0,-374.0,0.083,-0.752,-0.125,0.642
451906,-8435.0,-2506.0,-356.0,-132.0,28.0,-269.0,0.084,-0.752,-0.127,0.641
451929,-8141.0,-1484.0,-162.0,-92.0,59.0,-257.0,0.085,-0.752,-0.129,0.641
451942,-9151.0,-2282.0,-320.0,-57.0,67.0,-104.0,0.086,-0.753,-0.13,0.64
451965,-9651.0,-1850.0,-864.0,-135.0,-96.0,99.0,0.084,-0.752,-0.13,0.64
451978,-10011.0,-2502.0,-290.0,-354.0,-143.0,243.0,0.08,-0.752,-0.13,0.641
451991,-9677.0,-1896.0,-350.0,-349.0,-273.0,290.0,0.076,-0.751,-0.13,0.643
452014,-10851.0,-2256.0,-908.0,-382.0,-328.0,570.0,0.07,-0.75,-0.128,0.645
452027,-11059.0,-3488.0,-974.0,-487.0,-173.0,837.0,0.061,-0.75,-0.125,0.646
452050,-10961.0,-1408.0,-1640.0,-234.0,-222.0,208.0,0.058,-0.749,-0.125,0.648
452063,-12017.0,-2624.0,-1422.0,-306.0,-299.0,-69.0,0.056,-0.748,-0.128,0.649
452086,-12845.0,-3326.0,-1360.0,-284.0,-397.0,16.0,0.054,-0.745,-0.129,0.652
452099,-13587.0,-3416.0,-2162.0,-237.0,-285.0,483.0,0.049,-0.744,-0.127,0.654
452122,-14081.0,-3302.0,-1940.0,-216.0,-206.0,372.0,0.045,-0.744,-0.126,0.655
452135,-14289.0,-3324.0,-1798.0,-149.0,-192.0,62.0,0.043,-0.743,-0.127,0.656
452148,-14223.0,-3410.0,-1960.0,-65.0,-162.0,111.0,0.042,-0.742,-0.126,0.657
452171,-14333.0,-3176.0,-1548.0,16.0,-113.0,10.0,0.042,-0.741,-0.126,0.658
452184,-14211.0,-3210.0,-1930.0,43.0,-4.0,-71.0,0.043,-0.741,-0.127,0.658
452207,-13519.0,-2768.0,-1438.0,51.0,72.0,-20.0,0.043,-0.741,-0.126,0.658
452220,-13385.0,-2828.0,-1354.0,78.0,159.0,56.0,0.044,-0.742,-0.125,0.657
452243,-13173.0,-2924.0,-1012.0,362.0,383.0,107.0,0.046,-0.745,-0.122,0.654
452256,-12801.0,-1770.0,-1136.0,358.0,431.0,-57.0,0.05,-0.747,-0.12,0.652
452279,-12149.0,-2306.0,-1268.0,275.0,479.0,-126.0,0.053,-0.75,-0.119,0.649
452292,-11691.0,-1862.0,-814.0,304.0,477.0,-73.0,0.056,-0.752,-0.117,0.646
452315,-11439.0,-1914.0,-298.0,331.0,402.0,-161.0,0.06,-0.755,-0.116,0.643
452328,-10939.0,-1958.0,-416.0,491.0,311.0,-136.0,0.065,-0.756,-0.114,0.641
452341,-10931.0,-1618.0,-958.0,389.0,200.0,-60.0,0.068,-0.757,-0.111,0.64
452364,-9395.0,-1344.0,-714.0,266.0,96.0,17.0,0.07,-0.757,-0.109,0.64
452377,-8777.0,-1828.0,-896.0,374.0,66.0,66.0,0.073,-0.758,-0.106,0.64
452400,-8227.0,-2238.0,-1110.0,613.0,46.0,181.0,0.076,-0.758,-0.101,0.64
452413,-7977.0,-1438.0,-1592.0,431.0,-113.0,306.0,0.078,-0.757,-0.096,0.642
452436,-6875.0,-1476.0,-858.0,153.0,-354.0,362.0,0.077,-0.755,-0.092,0.645
452449,-6381.0,-1870.0,-384.0,181.0,-519.0,437.0,0.075,-0.752,-0.088,0.649
452472,-5413.0,-1240.0,-142.0,340.0,-671.0,396.0,0.075,-0.748,-0.083,0.654
452485,-5615.0,-1590.0,-568.0,309.0,-710.0,448.0,0.074,-0.744,-0.078,0.659
452503,-4923.0,-1608.0,-1370.0,249.0,-733.0,513.0,0.073,-0.74,-0.073,0.665
452516,-4973.0,-1584.0,280.0,290.0,-654.0,506.0,0.072,-0.736,-0.068,0.67
452539,-4307.0,-1214.0,-374.0,209.0,-559.0,453.0,0.07,-0.733,-0.063,0.674
452552,-5217.0,-2750.0,-1348.0,354.0,-524.0,410.0,0.07,-0.729,-0.058,0.678
452575,-5507.0,-1250.0,-1344.0,230.0,-606.0,502.0,0.069,-0.726,-0.053,0.682
452588,-5229.0,-2564.0,-1096.0,-57.0,-581.0,444.0,0.066,-0.722,-0.05,0.687
452611,-4779.0,-2498.0,-804.0,150.0,-666.0,482.0,0.064,-0.718,-0.046,0.691
452624,-4453.0,-2336.0,-376.0,218.0,-698.0,481.0,0.063,-0.714,-0.041,0.696
452647,-3695.0,-2928.0,-790.0,129.0,-689.0,312.0,0.062,-0.709,-0.038,0.701
452660,-3181.0,-2044.0,-386.0,289.0,-497.0,49.0,0.064,-0.706,-0.035,0.704
452683,-2807.0,-872.0,-980.0,291.0,-249.0,-123.0,0.067,-0.704,-0.034,0.706
452696,-2955.0,-1572.0,66.0,306.0,-68.0,-215.0,0.072,-0.703,-0.032,0.706
452709,-2847.0,-984.0,-46.0,335.0,20.0,-263.0,0.076,-0.703,-0.031,0.706
452732,-2743.0,-1250.0,-512.0,188.0,234.0,-356.0,0.08,-0.705,-0.032,0.704
452745,-3333.0,-1600.0,-208.0,233.0,419.0,-506.0,0.086,-0.707,-0.032,0.701
452768,-2523.0,-844.0,-220.0,202.0,662.0,-645.0,0.092,-0.711,-0.034,0.696
452781,-4333.0,-2736.0,170.0,251.0,776.0,-655.0,0.099,-0.716,-0.036,0.691
452804,-3507.0,-560.0,492.0,210.0,846.0,-654.0,0.105,-0.721,-0.038,0.684
452817,-4287.0,-1740.0,-416.0,93.0,913.0,-672.0,0.111,-0.726,-0.04,0.677
452840,-4693.0,-1950.0,-246.0,91.0,907.0,-565.0,0.116,-0.732,-0.042,0.671
452853,-4905.0,-1588.0,-306.0,110.0,930.0,-527.0,0.121,-0.737,-0.043,0.664
452876,-6047.0,-2644.0,-244.0,232.0,938.0,-476.0,0.126,-0.742,-0.044,0.657
452889,-6515.0,-1674.0,-334.0,192.0,788.0,-391.0,0.13,-0.747,-0.044,0.651
452902,-6869.0,-2140.0,-496.0,103.0,665.0,-383.0,0.134,-0.751,-0.045,0.645
452925,-7157.0,-1974.0,-396.0,55.0,622.0,-365.0,0.137,-0.754,-0.046,0.641
452938,-7457.0,-3202.0,-548.0,95.0,839.0,201.0,0.138,-0.759,-0.042,0.635
452961,-7123.0,-1352.0,-798.0,411.0,439.0,-638.0,0.145,-0.761,-0.043,0.631
452974,-8467.0,-2442.0,-506.0,154.0,441.0,-281.0,0.148,-0.763,-0.043,0.628
452997,-7307.0,-1532.0,-720.0,40.0,270.0,-268.0,0.15,-0.764,-0.044,0.626
453010,-8517.0,-3506.0,-694.0,93.0,221.0,-185.0,0.153,-0.765,-0.044,0.624
453033,-8157.0,-1778.0,-824.0,91.0,101.0,-219.0,0.155,-0.766,-0.045,0.623
453046,-8635.0,-1856.0,-526.0,-61.0,-91.0,-504.0,0.157,-0.765,-0.049,0.623
453059,-8021.0,-1988.0,-560.0,-311.0,-134.0,-509.0,0.158,-0.764,-0.054,0.623
453082,-8059.0,-3970.0,-1338.0,-83.0,-97.0,-449.0,0.16,-0.764,-0.057,0.623
453095,-8159.0,-1790.0,-664.0,195.0,-43.0,-9.0,0.162,-0.763,-0.056,0.623
453118,-9207.0,-2376.0,-904.0,-36.0,-70.0,16.0,0.162,-0.763,-0.056,0.624
453131,-9143.0,-2480.0,-906.0,-256.0,-180.0,191.0,0.159,-0.762,-0.056,0.625
453154,-9857.0,-2828.0,-1214.0,-230.0,-236.0,302.0,0.155,-0.761,-0.055,0.627
453167,-9993.0,-3026.0,-1004.0,-234.0,-158.0,377.0,0.152,-0.761,-0.054,0.629
453190,-11285.0,-3530.0,-1540.0,-131.0,-138.0,412.0,0.148,-0.76,-0.052,0.63
453203,-11821.0,-2900.0,-1340.0,-228.0,-206.0,534.0,0.144,-0.76,-0.05,0.632
453226,-12185.0,-3312.0,-1388.0,-338.0,-281.0,569.0,0.138,-0.759,-0.048,0.635
453239,-12717.0,-3412.0,-1662.0,-316.0,-268.0,503.0,0.133,-0.758,-0.046,0.637
453252,-13155.0,-3398.0,-1758.0,-168.0,-236.0,404.0,0.129,-0.757,-0.045,0.639
453275,-13573.0,-3456.0,-2074.0,-136.0,-108.0,284.0,0.126,-0.756,-0.043,0.64
453288,-13587.0,-3148.0,-1962.0,-99.0,64.0,126.0,0.125,-0.757,-0.043,0.64
453311,-14197.0,-3348.0,-770.0,-101.0,157.0,95.0,0.124,-0.758,-0.043,0.639
453324,-14063.0,-3352.0,-1286.0,-170.0,206.0,172.0,0.122,-0.76,-0.042,0.638
453347,-13803.0,-3314.0,-880.0,-177.0,313.0,68.0,0.12,-0.762,-0.042,0.635
453360,-13965.0,-3352.0,-1102.0,-112.0,392.0,-83.0,0.12,-0.764,-0.043,0.632
453383,-13317.0,-2948.0,-1164.0,-61.0,463.0,-215.0,0.121,-0.767,-0.044,0.629
453396,-13187.0,-2660.0,-1206.0,-88.0,529.0,-286.0,0.123,-0.77,-0.046,0.625
453419,-12317.0,-2616.0,-900.0,-84.0,477.0,-242.0,0.124,-0.773,-0.048,0.621
453432,-12367.0,-2476.0,-1582.0,-55.0,401.0,-175.0,0.125,-0.775,-0.049,0.618
453445,-10867.0,-2360.0,-1928.0,-39.0,420.0,-171.0,0.126,-0.777,-0.049,0.614
453468,-10697.0,-2194.0,-1552.0,-178.0,518.0,-122.0,0.126,-0.78,-0.05,0.61
453481,-9921.0,-2242.0,-1210.0,-105.0,363.0,78.0,0.125,-0.783,-0.05,0.608
453504,-9215.0,-1860.0,-922.0,-33.0,212.0,186.0,0.124,-0.784,-0.048,0.606
453517,-8281.0,-1448.0,-1796.0,-247.0,118.0,363.0,0.12,-0.785,-0.046,0.606
453540,-6843.0,-1608.0,-2084.0,-328.0,202.0,491.0,0.115,-0.787,-0.044,0.605
453553,-6539.0,-1646.0,-824.0,-155.0,320.0,580.0,0.111,-0.789,-0.04,0.603
453576,-6779.0,-1400.0,-582.0,48.0,95.0,736.0,0.108,-0.79,-0.034,0.603
453589,-5741.0,-1004.0,-1388.0,32.0,-55.0,813.0,0.104,-0.79,-0.028,0.604
453602,-6753.0,-1720.0,-1964.0,15.0,-166.0,761.0,0.1,-0.789,-0.022,0.606
453625,-6007.0,-1514.0,-1744.0,91.0,-219.0,667.0,0.097,-0.788,-0.016,0.608
453638,-6399.0,-1566.0,-1662.0,144.0,-400.0,548.0,0.095,-0.785,-0.011,0.612
453661,-6229.0,-2462.0,-2020.0,161.0,-597.0,570.0,0.093,-0.782,-0.006,0.616
453674,-6327.0,-2398.0,-2344.0,278.0,-765.0,790.0,0.091,-0.777,0.001,0.623
453697,-6371.0,-2078.0,-2056.0,410.0,-1026.0,959.0,0.089,-0.771,0.01,0.631
453710,-5429.0,-2128.0,-1506.0,408.0,-1183.0,957.0,0.087,-0.763,0.019,0.64
453733,-4583.0,-1754.0,-1112.0,513.0,-1280.0,934.0,0.085,-0.755,0.028,0.649
453746,-3749.0,-1916.0,-948.0,491.0,-1241.0,848.0,0.085,-0.747,0.036,0.659
453769,-2931.0,-1502.0,-120.0,553.0,-1250.0,777.0,0.084,-0.738,0.045,0.668
453782,-2537.0,-1502.0,-1202.0,539.0,-1093.0,611.0,0.085,-0.731,0.052,0.675
453795,-1839.0,-304.0,-1312.0,510.0,-926.0,471.0,0.087,-0.724,0.058,0.682
453818,-2129.0,-1412.0,-1032.0,379.0,-527.0,299.0,0.088,-0.72,0.063,0.685
453831,-2425.0,-758.0,-534.0,412.0,-292.0,214.0,0.09,-0.718,0.067,0.687
453854,-2413.0,-1068.0,-648.0,345.0,-58.0,41.0,0.093,-0.717,0.07,0.687
453867,-2861.0,-1216.0,-1230.0,332.0,206.0,-144.0,0.097,-0.718,0.072,0.685
453890,-2841.0,-1158.0,-854.0,302.0,466.0,-344.0,0.101,-0.721,0.073,0.682
453903,-3439.0,-2280.0,-566.0,413.0,746.0,-337.0,0.106,-0.726,0.074,0.676
453926,-3191.0,-1232.0,-160.0,164.0,918.0,28.0,0.107,-0.731,0.077,0.669
453939,-3967.0,-496.0,-1244.0,319.0,844.0,-632.0,0.113,-0.736,0.076,0.663
453962,-5027.0,-1988.0,-1008.0,292.0,1073.0,-940.0,0.12,-0.743,0.073,0.654
453975,-5757.0,-2440.0,-738.0,491.0,1049.0,-702.0,0.128,-0.75,0.073,0.645
453988,-7037.0,-622.0,-626.0,368.0,707.0,-579.0,0.134,-0.754,0.072,0.639
454011,-6469.0,-776.0,-442.0,-115.0,580.0,-653.0,0.137,-0.758,0.068,0.634
454024,-7031.0,-1102.0,-718.0,-259.0,506.0,-499.0,0.138,-0.761,0.064,0.63
454047,-7037.0,-1312.0,-1308.0,-163.0,631.0,-433.0,0.139,-0.765,0.062,0.625
454060,-7201.0,-634.0,-506.0,154.0,586.0,-420.0,0.143,-0.769,0.061,0.62
454083,-7205.0,-24.0,-238.0,-114.0,468.0,-335.0,0.144,-0.772,0.059,0.617
454096,-7487.0,-1674.0,-368.0,-208.0,337.0,-626.0,0.146,-0.774,0.054,0.614
454119,-7655.0,-1070.0,-1180.0,-100.0,271.0,-409.0,0.148,-0.776,0.051,0.611
454132,-8479.0,-500.0,-684.0,-153.0,239.0,-662.0,0.151,-0.778,0.046,0.609
454145,-7939.0,-838.0,-518.0,-323.0,209.0,-700.0,0.153,-0.779,0.04,0.606
454168,-9785.0,-3136.0,-986.0,-343.0,192.0,-390.0,0.152,-0.781,0.036,0.605
454181,-8823.0,-522.0,-1298.0,-137.0,22.0,-105.0,0.152,-0.781,0.035,0.604
454204,-9517.0,-1642.0,-1042.0,-216.0,38.0,-206.0,0.152,-0.782,0.032,0.604
454217,-10961.0,-1206.0,-1072.0,-405.0,-130.0,-36.0,0.149,-0.782,0.03,0.605
454240,-9945.0,-1304.0,-1700.0,-483.0,-153.0,-215.0,0.147,-0.781,0.025,0.606
454253,-10335.0,-1412.0,-1606.0,-459.0,-160.0,-440.0,0.146,-0.781,0.019,0.606
454276,-10259.0,-1754.0,-2044.0,-300.0,-214.0,-681.0,0.148,-0.781,0.013,0.607
454289,-10395.0,-1986.0,-2020.0,-80.0,-194.0,-698.0,0.152,-0.78,0.007,0.607
454312,-11491.0,-1764.0,-1690.0,-89.0,-248.0,-357.0,0.153,-0.778,0.004,0.609
454325,-11185.0,-2000.0,-1702.0,-311.0,-367.0,-199.0,0.152,-0.777,0.0,0.611
454338,-11833.0,-2750.0,-1832.0,-221.0,-424.0,-294.0,0.152,-0.775,-0.004,0.614
454361,-11925.0,-3146.0,-2350.0,-56.0,-273.0,-203.0,0.153,-0.773,-0.006,0.615
454374,-13159.0,-2272.0,-2546.0,79.0,-259.0,-95.0,0.154,-0.772,-0.006,0.617
454397,-12873.0,-2590.0,-2234.0,-51.0,-280.0,-213.0,0.155,-0.77,-0.009,0.619
454410,-13353.0,-4136.0,-2212.0,55.0,-268.0,-213.0,0.157,-0.768,-0.01,0.62
454433,-13177.0,-2722.0,-2236.0,117.0,-166.0,-208.0,0.159,-0.767,-0.011,0.621
454446,-13693.0,-3658.0,-1528.0,15.0,-21.0,-227.0,0.16,-0.767,-0.013,0.621
454469,-13099.0,-3388.0,-1108.0,26.0,131.0,-83.0,0.161,-0.768,-0.013,0.62
454482,-12863.0,-3462.0,-810.0,98.0,284.0,57.0,0.161,-0.769,-0.012,0.618
454510,-12645.0,-3070.0,-388.0,153.0,371.0,167.0,0.161,-0.771,-0.009,0.616
454523,-12055.0,-2398.0,-1492.0,9.0,541.0,158.0,0.161,-0.774,-0.007,0.612
454536,-11727.0,-2822.0,-1020.0,-15.0,744.0,163.0,0.16,-0.779,-0.005,0.607
454549,-11577.0,-2906.0,-1362.0,18.0,945.0,344.0,0.158,-0.784,-0.001,0.601
454572,-12033.0,-2350.0,-1236.0,139.0,961.0,316.0,0.157,-0.789,0.004,0.594
454585,-11553.0,-2132.0,-1364.0,47.0,732.0,130.0,0.157,-0.793,0.006,0.589
454608,-11189.0,-2458.0,-1096.0,-11.0,574.0,154.0,0.156,-0.796,0.008,0.585
454621,-10503.0,-2170.0,-934.0,64.0,479.0,251.0,0.155,-0.799,0.011,0.581
454644,-10139.0,-2056.0,-1374.0,142.0,355.0,339.0,0.155,-0.8,0.015,0.579
454657,-8845.0,-464.0,-1482.0,90.0,81.0,464.0,0.153,-0.8,0.02,0.579
454680,-8283.0,-1046.0,-1160.0,-40.0,-32.0,590.0,0.149,-0.8,0.024,0.581
454693,-7733.0,-792.0,-568.0,53.0,-285.0,753.0,0.146,-0.798,0.03,0.584
454706,-7017.0,-494.0,-1532.0,-119.0,-449.0,725.0,0.141,-0.795,0.035,0.588
454729,-5787.0,-1322.0,-1904.0,-60.0,-527.0,592.0,0.138,-0.792,0.039,0.593
454742,-5535.0,-960.0,-1618.0,127.0,-626.0,439.0,0.137,-0.788,0.042,0.598
454765,-5123.0,-1428.0,-1978.0,112.0,-659.0,297.0,0.137,-0.784,0.045,0.603
454778,-5251.0,-1362.0,-2138.0,104.0,-765.0,428.0,0.136,-0.78,0.048,0.609
454801,-5435.0,-2104.0,-1682.0,99.0,-941.0,609.0,0.134,-0.774,0.052,0.617
454814,-4675.0,-2066.0,-2750.0,168.0,-1175.0,727.0,0.132,-0.767,0.057,0.626
454837,-4457.0,-1562.0,-1874.0,147.0,-1359.0,752.0,0.13,-0.758,0.062,0.636
454850,-3719.0,-1626.0,-1102.0,163.0,-1366.0,692.0,0.128,-0.749,0.067,0.647
454873,-2733.0,-1336.0,-1200.0,98.0,-1230.0,642.0,0.126,-0.741,0.071,0.656
454886,-1865.0,-878.0,-726.0,116.0,-1021.0,612.0,0.124,-0.734,0.075,0.663
454899,-2771.0,-2858.0,-1976.0,199.0,-541.0,497.0,0.123,-0.73,0.08,0.667
454922,-2799.0,496.0,-200.0,346.0,-351.0,532.0,0.123,-0.727,0.086,0.67
454935,-4253.0,-1544.0,-460.0,-44.0,7.0,358.0,0.121,-0.727,0.088,0.67
454958,-4327.0,-1098.0,-254.0,63.0,12.0,338.0,0.12,-0.727,0.092,0.67
454971,-4521.0,-2054.0,-1250.0,76.0,219.0,125.0,0.12,-0.728,0.094,0.669
454994,-5193.0,-1304.0,-366.0,114.0,294.0,80.0,0.12,-0.729,0.096,0.667
455007,-5405.0,-1406.0,-640.0,-4.0,309.0,-34.0,0.121,-0.731,0.096,0.665
455030,-5887.0,-2074.0,-990.0,67.0,343.0,-262.0,0.123,-0.733,0.096,0.662
455043,-5593.0,-1994.0,-1202.0,51.0,301.0,-432.0,0.126,-0.735,0.094,0.659
455066,-5603.0,-1402.0,-616.0,-47.0,209.0,-575.0,0.13,-0.737,0.091,0.657
455079,-5013.0,-1256.0,-984.0,-134.0,404.0,-643.0,0.133,-0.74,0.087,0.653
455092,-3961.0,-1090.0,-1184.0,-114.0,325.0,-1245.0,0.14,-0.743,0.078,0.65
455115,-4653.0,-1968.0,-514.0,-83.0,411.0,-889.0,0.145,-0.746,0.072,0.645
455128,-5659.0,-1150.0,-406.0,47.0,531.0,-974.0,0.151,-0.75,0.067,0.64
455151,-4327.0,-710.0,-498.0,-267.0,590.0,-951.0,0.155,-0.755,0.06,0.635
455164,-5511.0,-3214.0,-1468.0,-210.0,704.0,-829.0,0.158,-0.759,0.054,0.629
455187,-5691.0,-942.0,-676.0,104.0,642.0,-594.0,0.162,-0.763,0.052,0.623
455200,-6901.0,-2062.0,-852.0,-125.0,690.0,-689.0,0.165,-0.768,0.048,0.617
455223,-5915.0,-1282.0,-976.0,-240.0,465.0,-745.0,0.168,-0.771,0.042,0.613
455236,-7395.0,-3714.0,-1810.0,-300.0,599.0,-866.0,0.171,-0.775,0.035,0.607
455249,-6577.0,-1424.0,-1182.0,-196.0,526.0,-874.0,0.175,-0.779,0.029,0.602
455272,-7183.0,-2408.0,-1108.0,-261.0,480.0,-834.0,0.178,-0.782,0.023,0.597
455285,-6965.0,-1410.0,-32.0,-322.0,306.0,-1050.0,0.181,-0.784,0.014,0.593
455308,-6507.0,-2416.0,-560.0,-307.0,348.0,-985.0,0.185,-0.787,0.006,0.589
455321,-7051.0,-2516.0,-1260.0,-42.0,357.0,-959.0,0.19,-0.789,-0.001,0.584
455344,-6847.0,-2474.0,-2146.0,-68.0,503.0,-847.0,0.194,-0.792,-0.006,0.579
455357,-8287.0,-1696.0,-168.0,-178.0,429.0,-491.0,0.196,-0.794,-0.01,0.575
455380,-8437.0,-2956.0,-1132.0,-231.0,311.0,-559.0,0.197,-0.796,-0.014,0.572
455393,-8519.0,-3500.0,-1728.0,44.0,208.0,-320.0,0.199,-0.797,-0.016,0.57
455416,-9029.0,-2214.0,-1714.0,13.0,153.0,-87.0,0.2,-0.798,-0.016,0.569
455429,-9371.0,-3006.0,-1658.0,-218.0,150.0,-179.0,0.199,-0.799,-0.018,0.567
455442,-9829.0,-3402.0,-1384.0,-204.0,41.0,22.0,0.198,-0.8,-0.019,0.567
455465,-10135.0,-3858.0,-1566.0,80.0,1.0,-7.0,0.198,-0.799,-0.018,0.567
455478,-10883.0,-3246.0,-1916.0,185.0,-112.0,-299.0,0.201,-0.798,-0.02,0.567
455501,-11461.0,-4132.0,-2096.0,68.0,-199.0,-285.0,0.203,-0.797,-0.022,0.568
455514,-11789.0,-4528.0,-2110.0,132.0,-231.0,-68.0,0.205,-0.796,-0.022,0.57
455537,-12543.0,-4152.0,-2202.0,230.0,-166.0,351.0,0.204,-0.794,-0.019,0.572
455550,-12863.0,-4590.0,-2714.0,312.0,-98.0,299.0,0.205,-0.793,-0.015,0.573
455573,-13433.0,-3838.0,-2558.0,172.0,-190.0,178.0,0.205,-0.792,-0.013,0.575
455586,-13615.0,-5084.0,-2752.0,83.0,-185.0,227.0,0.205,-0.791,-0.012,0.577
455599,-13875.0,-4760.0,-2406.0,144.0,-145.0,307.0,0.204,-0.79,-0.009,0.578
455622,-13885.0,-4572.0,-2536.0,201.0,-35.0,235.0,0.204,-0.789,-0.007,0.579
455635,-13867.0,-4060.0,-2432.0,77.0,16.0,233.0,0.203,-0.789,-0.004,0.579
455658,-13719.0,-4574.0,-2454.0,40.0,93.0,187.0,0.202,-0.79,-0.003,0.579
455671,-13251.0,-3814.0,-2620.0,90.0,142.0,179.0,0.202,-0.79,-0.001,0.578
455694,-13137.0,-4148.0,-2454.0,168.0,179.0,257.0,0.202,-0.791,0.002,0.578
455707,-12603.0,-3816.0,-2574.0,131.0,225.0,419.0,0.201,-0.792,0.006,0.577
455730,-11929.0,-2938.0,-2752.0,142.0,137.0,3.0,0.202,-0.792,0.007,0.576
455743,-11517.0,-3502.0,-2810.0,149.0,64.0,-83.0,0.203,-0.792,0.008,0.575
455766,-11569.0,-2970.0,-2152.0,88.0,-33.0,118.0,0.203,-0.792,0.009,0.576
455779,-10487.0,-2746.0,-1768.0,153.0,-193.0,212.0,0.203,-0.791,0.011,0.577
455792,-10065.0,-2624.0,-2088.0,140.0,-244.0,353.0,0.202,-0.789,0.014,0.58
455815,-9233.0,-2410.0,-1920.0,28.0,-308.0,595.0,0.199,-0.787,0.018,0.583
455828,-8485.0,-1252.0,-1578.0,-153.0,-408.0,851.0,0.193,-0.785,0.023,0.588
455851,-8197.0,-2388.0,-1570.0,-165.0,-472.0,1048.0,0.187,-0.782,0.029,0.593
455864,-7153.0,-806.0,-1092.0,-40.0,-678.0,1249.0,0.18,-0.778,0.037,0.6
455887,-6773.0,-690.0,-1588.0,-293.0,-729.0,1159.0,0.172,-0.774,0.043,0.608
455900,-5305.0,-508.0,-1768.0,-366.0,-870.0,985.0,0.164,-0.769,0.046,0.615
455923,-5207.0,-1862.0,-1622.0,-423.0,-818.0,667.0,0.158,-0.765,0.048,0.622
455936,-3429.0,-552.0,-670.0,-175.0,-785.0,624.0,0.153,-0.76,0.05,0.629
455959,-3851.0,-1518.0,-566.0,-110.0,-697.0,904.0,0.148,-0.756,0.055,0.635
455972,-3925.0,-1656.0,-1724.0,-89.0,-648.0,992.0,0.142,-0.752,0.061,0.641
455985,-2377.0,-1148.0,-998.0,81.0,-661.0,695.0,0.139,-0.747,0.066,0.646
456008,-2741.0,-1440.0,-386.0,217.0,-627.0,590.0,0.138,-0.743,0.071,0.651
456021,-2185.0,-1174.0,-108.0,250.0,-710.0,626.0,0.137,-0.738,0.077,0.657
456044,-1297.0,-936.0,550.0,255.0,-655.0,420.0,0.137,-0.733,0.081,0.662
456057,-1277.0,-146.0,420.0,71.0,-508.0,355.0,0.136,-0.729,0.083,0.665
456080,-2225.0,-1256.0,-660.0,-77.0,-271.0,206.0,0.135,-0.728,0.085,0.667
456093,-2145.0,-690.0,-34.0,-104.0,-63.0,-12.0,0.134,-0.727,0.084,0.668
456116,-3079.0,-1760.0,-286.0,-88.0,182.0,-264.0,0.136,-0.729,0.082,0.666
456129,-3841.0,-1002.0,-278.0,-86.0,274.0,-402.0,0.138,-0.731,0.08,0.664
456142,-3369.0,-698.0,-638.0,-273.0,265.0,-606.0,0.14,-0.733,0.075,0.661
456165,-4737.0,-2188.0,-1330.0,-90.0,422.0,-674.0,0.143,-0.736,0.071,0.658
456178,-4379.0,-1484.0,-752.0,-91.0,441.0,-949.0,0.149,-0.74,0.064,0.653
456201,-4559.0,-1436.0,-1180.0,-182.0,496.0,-734.0,0.152,-0.743,0.059,0.649
456214,-4857.0,-2664.0,-1846.0,-275.0,665.0,-895.0,0.155,-0.748,0.053,0.643
456237,-5983.0,-1756.0,-1094.0,-47.0,562.0,-793.0,0.16,-0.752,0.048,0.638
456250,-6053.0,-1874.0,-962.0,-104.0,597.0,-889.0,0.164,-0.756,0.043,0.632
456273,-5747.0,-968.0,-1178.0,-154.0,423.0,-808.0,0.168,-0.759,0.037,0.628
456286,-6175.0,-2260.0,-1074.0,-316.0,538.0,-654.0,0.17,-0.763,0.032,0.623
456309,-6427.0,-2026.0,-1664.0,-287.0,597.0,-460.0,0.17,-0.767,0.028,0.618
456322,-6699.0,-1048.0,-818.0,-239.0,526.0,-363.0,0.171,-0.77,0.025,0.614
456335,-6755.0,-1392.0,-1006.0,-354.0,529.0,-269.0,0.17,-0.774,0.022,0.61
456358,-7861.0,-2632.0,-1218.0,-299.0,437.0,-152.0,0.169,-0.777,0.02,0.606
456371,-7361.0,-460.0,-1392.0,-414.0,338.0,-157.0,0.167,-0.779,0.018,0.604
456394,-7461.0,-1454.0,-1202.0,-580.0,351.0,-283.0,0.164,-0.782,0.013,0.601
456407,-8103.0,-2728.0,-1244.0,-441.0,361.0,-357.0,0.163,-0.785,0.008,0.598
456430,-8143.0,-1240.0,-1102.0,-282.0,208.0,-443.0,0.163,-0.786,0.004,0.596
456443,-8535.0,-1734.0,-1390.0,-387.0,-1.0,-652.0,0.164,-0.787,-0.003,0.595
456466,-9029.0,-3036.0,-1350.0,-322.0,-110.0,-428.0,0.164,-0.787,-0.008,0.595
456479,-8775.0,-2122.0,-1218.0,-313.0,-213.0,-128.0,0.163,-0.786,-0.011,0.596
456502,-9037.0,-2274.0,-862.0,-265.0,-308.0,-55.0,0.161,-0.785,-0.013,0.599
456520,-9905.0,-2250.0,-1112.0,-265.0,-453.0,-4.0,0.159,-0.782,-0.015,0.602
456533,-9243.0,-2028.0,-1120.0,-249.0,-555.0,91.0,0.157,-0.78,-0.017,0.606
456546,-9231.0,-2354.0,-1150.0,-228.0,-515.0,114.0,0.154,-0.777,-0.018,0.61
456569,-9849.0,-3046.0,-1672.0,-36.0,-350.0,3.0,0.154,-0.775,-0.019,0.612
456582,-11071.0,-2750.0,-1160.0,42.0,-364.0,59.0,0.154,-0.773,-0.018,0.615
456605,-11303.0,-3040.0,-1574.0,-108.0,-410.0,158.0,0.152,-0.771,-0.019,0.618
456618,-11647.0,-3412.0,-1358.0,-48.0,-406.0,340.0,0.149,-0.769,-0.017,0.622
456641,-12825.0,-3902.0,-1274.0,145.0,-315.0,405.0,0.148,-0.767,-0.014,0.625
456654,-13423.0,-3714.0,-1298.0,265.0,-239.0,449.0,0.147,-0.765,-0.009,0.627
456677,-14287.0,-3800.0,-1506.0,307.0,-166.0,593.0,0.146,-0.764,-0.004,0.629
456690,-15043.0,-3158.0,-1504.0,199.0,-93.0,393.0,0.145,-0.763,0.0,0.63
456703,-14613.0,-3210.0,-1364.0,210.0,-88.0,31.0,0.146,-0.762,0.001,0.631
456726,-14779.0,-3366.0,-1076.0,333.0,-4.0,-3.0,0.149,-0.762,0.003,0.631
456739,-14411.0,-2760.0,-1582.0,443.0,27.0,-349.0,0.154,-0.761,0.003,0.63
456762,-14131.0,-2626.0,-1602.0,382.0,229.0,-435.0,0.159,-0.762,0.003,0.628
456775,-14163.0,-2750.0,-914.0,280.0,333.0,-510.0,0.164,-0.763,0.001,0.625
456798,-13531.0,-2924.0,-774.0,316.0,356.0,-446.0,0.169,-0.765,0.0,0.622
456811,-13195.0,-3070.0,-306.0,434.0,413.0,-414.0,0.174,-0.767,0.0,0.618
456834,-12753.0,-2010.0,-908.0,451.0,372.0,-313.0,0.179,-0.768,0.001,0.615
456847,-12113.0,-2452.0,-864.0,319.0,397.0,-362.0,0.183,-0.77,0.001,0.611
456860,-11099.0,-1832.0,-668.0,331.0,304.0,-335.0,0.188,-0.771,0.001,0.609
456883,-11117.0,-2638.0,-614.0,404.0,221.0,-278.0,0.192,-0.772,0.002,0.607
456896,-10065.0,-1196.0,-198.0,373.0,0.0,-173.0,0.196,-0.771,0.003,0.606
456919,-9015.0,-1754.0,-1256.0,175.0,-141.0,-43.0,0.197,-0.77,0.003,0.607
456932,-8611.0,-1818.0,-390.0,223.0,-329.0,144.0,0.198,-0.767,0.005,0.61
456955,-6811.0,-1612.0,-846.0,165.0,-387.0,215.0,0.198,-0.765,0.007,0.613
456968,-7021.0,-1616.0,-146.0,197.0,-537.0,388.0,0.198,-0.761,0.01,0.618
456991,-5879.0,-1420.0,-498.0,180.0,-626.0,484.0,0.196,-0.757,0.014,0.623
457004,-6219.0,-1970.0,-614.0,119.0,-729.0,541.0,0.194,-0.753,0.017,0.629
457027,-4559.0,-1154.0,-466.0,55.0,-778.0,426.0,0.193,-0.748,0.019,0.635
457040,-4385.0,-1924.0,-16.0,170.0,-758.0,227.0,0.193,-0.743,0.021,0.641
457053,-3423.0,-1214.0,502.0,192.0,-752.0,498.0,0.192,-0.738,0.024,0.646
457076,-3743.0,-2132.0,-746.0,153.0,-589.0,621.0,0.189,-0.734,0.029,0.652
457089,-2697.0,-980.0,-302.0,80.0,-616.0,716.0,0.186,-0.73,0.034,0.657
457112,-3037.0,-1932.0,158.0,81.0,-537.0,718.0,0.183,-0.726,0.038,0.662
457125,-3535.0,-1506.0,-206.0,72.0,-684.0,797.0,0.179,-0.722,0.043,0.667
457148,-1895.0,-1424.0,-404.0,-105.0,-487.0,650.0,0.174,-0.718,0.047,0.672
457161,-3161.0,-2710.0,-774.0,-35.0,-301.0,609.0,0.171,-0.716,0.05,0.675
457184,-3093.0,-1554.0,60.0,18.0,-222.0,597.0,0.168,-0.715,0.055,0.677
457197,-3531.0,-1836.0,32.0,-109.0,-82.0,447.0,0.165,-0.714,0.057,0.678
457220,-3725.0,-1732.0,270.0,-80.0,-56.0,322.0,0.162,-0.713,0.059,0.679
457233,-3239.0,-2476.0,-478.0,-263.0,177.0,322.0,0.159,-0.715,0.06,0.678
457246,-4411.0,-2266.0,-1448.0,161.0,314.0,-493.0,0.163,-0.717,0.059,0.675
457269,-4359.0,-2042.0,-662.0,-90.0,529.0,-610.0,0.167,-0.72,0.055,0.671
457282,-4511.0,-2650.0,-1008.0,-167.0,416.0,-695.0,0.17,-0.724,0.051,0.667
457305,-5133.0,-2654.0,-786.0,-71.0,388.0,-771.0,0.175,-0.727,0.046,0.663
457318,-4741.0,-2042.0,-812.0,-125.0,413.0,-896.0,0.179,-0.73,0.04,0.659
457341,-4115.0,-1678.0,-936.0,-345.0,526.0,-912.0,0.183,-0.734,0.033,0.654
457354,-5077.0,-3436.0,-1000.0,-298.0,721.0,-1015.0,0.187,-0.739,0.026,0.647
457377,-4215.0,-1682.0,-748.0,-61.0,758.0,-1066.0,0.193,-0.744,0.02,0.64
457390,-5367.0,-2392.0,-284.0,-49.0,850.0,-1025.0,0.199,-0.749,0.014,0.632
457413,-5201.0,-2514.0,-1640.0,-188.0,931.0,-715.0,0.202,-0.755,0.01,0.624
457426,-6307.0,-3030.0,-1584.0,-154.0,971.0,-501.0,0.204,-0.761,0.008,0.616
457439,-5771.0,-1270.0,-398.0,-53.0,915.0,-552.0,0.207,-0.766,0.006,0.608
457462,-5809.0,-1992.0,34.0,-334.0,837.0,-619.0,0.208,-0.772,0.001,0.601
457475,-6091.0,-2986.0,-1420.0,-342.0,626.0,-616.0,0.209,-0.776,-0.004,0.595
457498,-6195.0,-1810.0,-772.0,-170.0,448.0,-789.0,0.212,-0.779,-0.009,0.591
457511,-7029.0,-3290.0,-1374.0,-234.0,528.0,-967.0,0.216,-0.782,-0.017,0.585
457534,-6949.0,-1732.0,-814.0,-211.0,263.0,-547.0,0.218,-0.783,-0.021,0.582
457547,-8221.0,-3888.0,-764.0,-318.0,193.0,-665.0,0.219,-0.785,-0.027,0.579
457570,-7435.0,-2722.0,-1464.0,-135.0,-13.0,-702.0,0.222,-0.785,-0.033,0.577
457583,-8663.0,-3036.0,-1868.0,-204.0,-54.0,-606.0,0.224,-0.785,-0.038,0.576
457596,-8509.0,-2962.0,-1454.0,-159.0,-182.0,-478.0,0.225,-0.784,-0.043,0.577
457619,-8361.0,-3106.0,-1100.0,-255.0,-235.0,-484.0,0.226,-0.783,-0.048,0.578
457632,-8485.0,-2492.0,-474.0,-265.0,-461.0,-395.0,0.226,-0.781,-0.053,0.58
457655,-7911.0,-3224.0,-1758.0,-321.0,-492.0,-391.0,0.225,-0.778,-0.059,0.583
457668,-8731.0,-3678.0,-2160.0,-219.0,-455.0,-761.0,0.228,-0.776,-0.067,0.584
457691,-8787.0,-2732.0,-996.0,-239.0,-461.0,-793.0,0.23,-0.773,-0.075,0.586
457704,-9047.0,-3260.0,-1022.0,-396.0,-497.0,-598.0,0.23,-0.771,-0.082,0.588
457727,-10195.0,-5654.0,-1136.0,-77.0,-554.0,-345.0,0.231,-0.768,-0.086,0.591
457740,-10281.0,-4286.0,-2028.0,19.0,-684.0,35.0,0.23,-0.764,-0.087,0.596
457763,-10871.0,-4926.0,-1860.0,-236.0,-541.0,-71.0,0.228,-0.762,-0.09,0.6
457776,-11605.0,-5832.0,-1610.0,-409.0,-432.0,619.0,0.222,-0.761,-0.089,0.604
457789,-12867.0,-6940.0,-1174.0,-55.0,-575.0,182.0,0.22,-0.758,-0.089,0.608
457812,-12543.0,-6742.0,-1492.0,66.0,-480.0,400.0,0.217,-0.755,-0.087,0.612
457825,-12773.0,-6424.0,-2544.0,64.0,-472.0,361.0,0.215,-0.753,-0.085,0.616
457848,-12519.0,-7048.0,-2390.0,-213.0,-138.0,415.0,0.211,-0.752,-0.084,0.618
457861,-12979.0,-6928.0,-1164.0,-160.0,-14.0,458.0,0.207,-0.753,-0.082,0.619
457884,-12755.0,-6606.0,-508.0,12.0,-65.0,437.0,0.205,-0.753,-0.079,0.62
457897,-12603.0,-6718.0,-564.0,191.0,-9.0,487.0,0.203,-0.753,-0.075,0.622
457920,-12447.0,-5260.0,-1170.0,5.0,127.0,549.0,0.2,-0.754,-0.071,0.622
457933,-12389.0,-5948.0,-382.0,-140.0,349.0,499.0,0.196,-0.757,-0.067,0.62
457956,-12867.0,-5278.0,-94.0,-35.0,326.0,576.0,0.193,-0.759,-0.063,0.619
457969,-12355.0,-5482.0,188.0,113.0,290.0,594.0,0.191,-0.761,-0.057,0.618
457982,-12367.0,-3516.0,-946.0,159.0,271.0,650.0,0.188,-0.762,-0.051,0.617
458005,-11397.0,-4138.0,-914.0,-47.0,444.0,636.0,0.184,-0.765,-0.047,0.615
458018,-11919.0,-3730.0,-686.0,10.0,513.0,735.0,0.18,-0.768,-0.04,0.613
458041,-11143.0,-3642.0,-196.0,121.0,507.0,717.0,0.177,-0.771,-0.034,0.61
458054,-10811.0,-3630.0,-706.0,373.0,318.0,800.0,0.176,-0.773,-0.025,0.609
458077,-10359.0,-2490.0,-1166.0,435.0,109.0,1019.0,0.173,-0.773,-0.015,0.61
458090,-9117.0,-1954.0,-1328.0,358.0,-32.0,1039.0,0.17,-0.772,-0.006,0.612
458113,-9253.0,-2486.0,-390.0,331.0,-165.0,895.0,0.167,-0.771,0.003,0.615
458126,-7375.0,-1684.0,-260.0,469.0,-511.0,823.0,0.166,-0.767,0.011,0.62
458139,-5907.0,-976.0,558.0,435.0,-800.0,857.0,0.164,-0.761,0.018,0.627
458162,-4647.0,-152.0,-398.0,198.0,-1062.0,1084.0,0.16,-0.755,0.026,0.636
458175,-3739.0,-516.0,-486.0,-12.0,-1167.0,1316.0,0.152,-0.747,0.034,0.646
458198,-2205.0,-814.0,-718.0,-29.0,-1145.0,1096.0,0.146,-0.74,0.04,0.655
458211,-2895.0,-1432.0,128.0,201.0,-1235.0,881.0,0.143,-0.732,0.046,0.665
458234,-1565.0,-120.0,-546.0,101.0,-1208.0,742.0,0.14,-0.724,0.05,0.674
458247,-2393.0,-1542.0,-1302.0,-198.0,-1140.0,598.0,0.136,-0.716,0.052,0.682
458270,-1059.0,362.0,722.0,-36.0,-1139.0,460.0,0.133,-0.709,0.054,0.69
458283,-843.0,-760.0,-176.0,-287.0,-731.0,480.0,0.129,-0.704,0.054,0.696
458306,-1127.0,-1144.0,-722.0,-119.0,-522.0,620.0,0.125,-0.701,0.057,0.7
458319,-1305.0,-1094.0,-1168.0,45.0,-78.0,480.0,0.122,-0.7,0.061,0.701
458332,-2247.0,-1066.0,348.0,120.0,317.0,272.0,0.122,-0.702,0.064,0.699
458355,-2081.0,-1090.0,-162.0,-218.0,610.0,100.0,0.12,-0.706,0.065,0.695
458368,-3497.0,-1762.0,-664.0,-342.0,698.0,-65.0,0.118,-0.711,0.063,0.691
458391,-3291.0,-1702.0,-1282.0,-396.0,874.0,-272.0,0.117,-0.717,0.06,0.685
458404,-4003.0,-1832.0,-1086.0,-352.0,1007.0,-425.0,0.117,-0.724,0.057,0.678
458427,-3709.0,-2108.0,-568.0,-208.0,902.0,-671.0,0.12,-0.73,0.052,0.671
458440,-5985.0,-1664.0,-1170.0,253.0,1061.0,-737.0,0.126,-0.737,0.05,0.663
458463,-4073.0,-892.0,-702.0,-62.0,982.0,-1279.0,0.133,-0.743,0.042,0.654
458476,-6053.0,-1682.0,-402.0,-180.0,905.0,-785.0,0.136,-0.749,0.037,0.647
458499,-5471.0,-752.0,-468.0,-183.0,759.0,-899.0,0.14,-0.754,0.031,0.641
458512,-6217.0,-1780.0,-330.0,-55.0,690.0,-874.0,0.145,-0.759,0.026,0.634
458530,-6113.0,-992.0,-162.0,40.0,621.0,-844.0,0.151,-0.763,0.021,0.629
458543,-6767.0,-670.0,-322.0,-96.0,525.0,-725.0,0.154,-0.766,0.016,0.624
458566,-6983.0,-1804.0,-1830.0,-191.0,612.0,-628.0,0.157,-0.77,0.012,0.619
458579,-7611.0,-1872.0,-212.0,227.0,531.0,-514.0,0.161,-0.772,0.01,0.614
458602,-7695.0,-946.0,182.0,199.0,523.0,-401.0,0.165,-0.775,0.01,0.61
458615,-8203.0,-1024.0,-558.0,22.0,257.0,-284.0,0.167,-0.776,0.008,0.608
458638,-8377.0,-2460.0,-1892.0,-37.0,267.0,53.0,0.166,-0.778,0.009,0.606
458651,-8663.0,-1486.0,-838.0,220.0,170.0,-24.0,0.168,-0.778,0.011,0.605
458674,-8859.0,-1222.0,-988.0,114.0,53.0,-191.0,0.17,-0.778,0.01,0.605
458687,-8871.0,-1574.0,-682.0,185.0,-116.0,-607.0,0.174,-0.777,0.007,0.604
458700,-9221.0,-1286.0,-1524.0,80.0,-189.0,-702.0,0.179,-0.776,0.002,0.605
458723,-8523.0,-1506.0,-1614.0,-88.0,-192.0,-514.0,0.181,-0.775,-0.003,0.605
458736,-10239.0,-1816.0,-1138.0,-164.0,-342.0,206.0,0.179,-0.773,-0.003,0.608
458759,-10779.0,-2676.0,-1538.0,37.0,-153.0,-236.0,0.18,-0.773,-0.004,0.609
458772,-10017.0,-2248.0,-1112.0,102.0,-253.0,-360.0,0.183,-0.771,-0.007,0.61
458795,-10879.0,-2038.0,-1712.0,-128.0,-269.0,105.0,0.181,-0.77,-0.007,0.612
458808,-12269.0,-3042.0,-2160.0,-127.0,-239.0,222.0,0.179,-0.768,-0.007,0.614
458831,-12723.0,-2984.0,-1606.0,-28.0,-170.0,409.0,0.177,-0.768,-0.005,0.616
458844,-13445.0,-2890.0,-1790.0,-3.0,-192.0,462.0,0.174,-0.766,-0.002,0.618
458867,-14131.0,-3470.0,-1824.0,42.0,-153.0,380.0,0.172,-0.766,0.001,0.62
458880,-14539.0,-3694.0,-2386.0,92.0,-24.0,237.0,0.171,-0.765,0.003,0.621
458893,-14833.0,-3678.0,-2016.0,68.0,92.0,60.0,0.171,-0.766,0.004,0.62
458916,-14761.0,-3726.0,-1704.0,85.0,120.0,-110.0,0.172,-0.766,0.004,0.619
458929,-14579.0,-4192.0,-1226.0,206.0,126.0,-256.0,0.175,-0.767,0.003,0.618
458952,-14129.0,-4362.0,-1530.0,434.0,169.0,-332.0,0.18,-0.767,0.003,0.616
458965,-14119.0,-3398.0,-1960.0,292.0,173.0,-349.0,0.184,-0.767,0.003,0.614
458988,-13239.0,-3686.0,-1320.0,74.0,176.0,-407.0,0.187,-0.768,0.0,0.612
459001,-12569.0,-3632.0,-658.0,105.0,217.0,-401.0,0.19,-0.769,-0.001,0.61
459024,-12015.0,-3952.0,-178.0,240.0,330.0,-326.0,0.193,-0.771,-0.002,0.607
459037,-11545.0,-3296.0,-20.0,437.0,378.0,-261.0,0.198,-0.772,-0.001,0.604
459050,-11417.0,-2642.0,-890.0,304.0,411.0,-149.0,0.201,-0.774,0.001,0.601
459073,-11553.0,-3348.0,-616.0,258.0,436.0,-10.0,0.203,-0.776,0.003,0.597
459086,-11559.0,-3448.0,-208.0,368.0,340.0,159.0,0.205,-0.777,0.007,0.595
459109,-10843.0,-3140.0,-236.0,438.0,181.0,187.0,0.207,-0.777,0.011,0.594
459122,-10491.0,-2262.0,-750.0,516.0,-118.0,295.0,0.209,-0.775,0.016,0.596
459145,-9845.0,-2724.0,-1010.0,304.0,-249.0,469.0,0.209,-0.773,0.02,0.598
459158,-8839.0,-2518.0,-336.0,261.0,-446.0,680.0,0.207,-0.77,0.026,0.603
459181,-8281.0,-1946.0,-106.0,313.0,-611.0,791.0,0.205,-0.766,0.032,0.609
459194,-7673.0,-2230.0,436.0,390.0,-819.0,729.0,0.204,-0.76,0.038,0.616
459217,-5887.0,-1428.0,-760.0,271.0,-862.0,787.0,0.202,-0.754,0.044,0.624
459230,-5601.0,-1988.0,-680.0,285.0,-901.0,801.0,0.2,-0.748,0.05,0.631
459243,-4607.0,-552.0,352.0,267.0,-998.0,910.0,0.197,-0.741,0.056,0.64
459266,-3431.0,-1290.0,-402.0,35.0,-1002.0,857.0,0.193,-0.734,0.061,0.648
459279,-2939.0,-1492.0,86.0,163.0,-1027.0,730.0,0.19,-0.727,0.065,0.656
459302,-1853.0,-1238.0,-828.0,227.0,-979.0,614.0,0.189,-0.721,0.069,0.664
459315,-2799.0,-1392.0,-258.0,141.0,-1016.0,589.0,0.187,-0.714,0.073,0.671
459338,-985.0,-756.0,-76.0,102.0,-864.0,581.0,0.185,-0.707,0.076,0.678
459351,-1563.0,-1484.0,-584.0,-35.0,-631.0,711.0,0.181,-0.703,0.08,0.683
459374,-1687.0,-1302.0,-218.0,78.0,-504.0,737.0,0.178,-0.699,0.085,0.687
459387,-1061.0,-818.0,90.0,-30.0,-222.0,640.0,0.174,-0.697,0.089,0.69
459410,-2283.0,-1580.0,270.0,0.0,-3.0,523.0,0.171,-0.697,0.092,0.691
459423,-2813.0,-1564.0,-818.0,-6.0,326.0,392.0,0.169,-0.698,0.096,0.689
459436,-3241.0,-1862.0,-698.0,-21.0,585.0,135.0,0.167,-0.702,0.098,0.685
459459,-3877.0,-1942.0,-630.0,-107.0,800.0,-107.0,0.167,-0.707,0.098,0.68
459472,-3689.0,-2152.0,-634.0,-250.0,828.0,-274.0,0.167,-0.713,0.096,0.674
459495,-3445.0,-2140.0,-540.0,-193.0,839.0,-440.0,0.168,-0.719,0.094,0.668
459508,-2049.0,-2732.0,-808.0,-449.0,1260.0,381.0,0.162,-0.727,0.096,0.66
459531,-5111.0,-650.0,-1184.0,217.0,926.0,-1053.0,0.169,-0.733,0.092,0.652
459544,-4821.0,-2832.0,-734.0,-256.0,1228.0,-1265.0,0.174,-0.742,0.084,0.642
459567,-5341.0,-2216.0,-392.0,-31.0,880.0,-842.0,0.179,-0.748,0.079,0.634
459580,-5109.0,-1350.0,-1414.0,-73.0,715.0,-837.0,0.183,-0.753,0.075,0.628
459593,-6095.0,-2036.0,-830.0,130.0,751.0,-835.0,0.188,-0.758,0.071,0.621
459616,-5343.0,-1126.0,-664.0,-32.0,832.0,-715.0,0.192,-0.763,0.068,0.614
459629,-5825.0,-1316.0,-258.0,-42.0,770.0,-550.0,0.194,-0.768,0.065,0.607
459652,-7439.0,-3910.0,-3272.0,-135.0,817.0,-501.0,0.196,-0.773,0.062,0.601
459665,-7281.0,-578.0,-496.0,274.0,563.0,-435.0,0.2,-0.776,0.062,0.595
459688,-7101.0,-1002.0,-752.0,-220.0,716.0,-495.0,0.201,-0.78,0.059,0.589
459701,-7719.0,-2030.0,-388.0,-149.0,311.0,-194.0,0.201,-0.782,0.057,0.587
459724,-7577.0,-1310.0,-1412.0,-362.0,234.0,-58.0,0.198,-0.784,0.055,0.586
459737,-7709.0,-1296.0,-862.0,-352.0,167.0,-317.0,0.197,-0.786,0.051,0.584
459760,-7905.0,-1480.0,-1108.0,-289.0,131.0,-556.0,0.198,-0.787,0.046,0.582
459773,-8367.0,-1710.0,-1296.0,-132.0,124.0,-628.0,0.201,-0.788,0.041,0.581
459786,-8439.0,-642.0,-796.0,-222.0,-56.0,-373.0,0.201,-0.788,0.037,0.581
459809,-9351.0,-996.0,-896.0,-514.0,-209.0,-193.0,0.198,-0.788,0.033,0.582
459822,-9023.0,-2054.0,-1580.0,-498.0,-277.0,-590.0,0.198,-0.788,0.025,0.583
459845,-9071.0,-2108.0,-1626.0,-322.0,-276.0,-495.0,0.198,-0.787,0.019,0.584
459858,-10147.0,-3370.0,-2836.0,-20.0,-219.0,-18.0,0.198,-0.786,0.019,0.586
459881,-9401.0,-1456.0,-2944.0,-224.0,-246.0,172.0,0.195,-0.785,0.018,0.588
459894,-11403.0,-3452.0,-1660.0,-505.0,-180.0,4.0,0.192,-0.785,0.015,0.589
459917,-11537.0,-3696.0,-2258.0,-383.0,-400.0,62.0,0.188,-0.783,0.012,0.593
459930,-12083.0,-3638.0,-1628.0,-331.0,-475.0,200.0,0.185,-0.781,0.011,0.596
459953,-12661.0,-3362.0,-1528.0,-345.0,-424.0,396.0,0.18,-0.779,0.011,0.6
459966,-13097.0,-2786.0,-1840.0,-299.0,-459.0,313.0,0.176,-0.777,0.011,0.604
459979,-13089.0,-2378.0,-1348.0,-170.0,-466.0,144.0,0.174,-0.775,0.01,0.608
460002,-14195.0,-2900.0,-1980.0,-107.0,-381.0,173.0,0.172,-0.773,0.01,0.611
460015,-13765.0,-2586.0,-1754.0,1.0,-256.0,82.0,0.172,-0.771,0.01,0.613
460038,-14389.0,-2868.0,-2510.0,-13.0,-171.0,68.0,0.171,-0.77,0.01,0.614
460051,-13313.0,-2808.0,-2034.0,-63.0,-67.0,3.0,0.17,-0.77,0.009,0.615
460074,-12887.0,-3218.0,-2216.0,50.0,14.0,-101.0,0.171,-0.77,0.009,0.615
460087,-12795.0,-3218.0,-1878.0,116.0,150.0,-141.0,0.173,-0.771,0.008,0.613
460110,-12511.0,-3234.0,-2222.0,148.0,238.0,-198.0,0.175,-0.772,0.008,0.611
460123,-12533.0,-2610.0,-1728.0,22.0,253.0,-249.0,0.176,-0.773,0.007,0.609
460146,-12443.0,-3482.0,-1602.0,57.0,321.0,-336.0,0.178,-0.775,0.005,0.606
460159,-11915.0,-2940.0,-1262.0,196.0,323.0,-355.0,0.182,-0.776,0.004,0.603
460172,-11691.0,-2538.0,-1104.0,375.0,386.0,-164.0,0.185,-0.778,0.005,0.6
460195,-10905.0,-2272.0,-2210.0,320.0,242.0,513.0,0.185,-0.779,0.011,0.599
460208,-11327.0,-2222.0,-1320.0,188.0,191.0,-7.0,0.186,-0.779,0.013,0.598
460231,-10473.0,-2786.0,-1258.0,329.0,5.0,-202.0,0.189,-0.779,0.013,0.598
460244,-10301.0,-2392.0,-1216.0,293.0,-87.0,-19.0,0.192,-0.778,0.014,0.598
460267,-9361.0,-2308.0,-1670.0,179.0,-126.0,216.0,0.192,-0.777,0.017,0.599
460280,-8999.0,-1990.0,-1368.0,190.0,-247.0,395.0,0.191,-0.775,0.02,0.602
460303,-8113.0,-2404.0,-1754.0,133.0,-286.0,574.0,0.189,-0.773,0.024,0.605
460316,-7481.0,-1270.0,-918.0,228.0,-472.0,796.0,0.186,-0.77,0.031,0.61
460329,-6711.0,-1226.0,-1176.0,202.0,-501.0,876.0,0.183,-0.766,0.037,0.615
460352,-6479.0,-1188.0,-1378.0,161.0,-576.0,939.0,0.179,-0.762,0.044,0.62
460365,-6439.0,-2306.0,-1392.0,154.0,-570.0,880.0,0.175,-0.758,0.051,0.626
460388,-5115.0,-762.0,-1072.0,216.0,-675.0,554.0,0.174,-0.754,0.055,0.631
460401,-6529.0,-2132.0,-1298.0,227.0,-832.0,223.0,0.175,-0.748,0.057,0.637
460424,-4499.0,-1254.0,-318.0,210.0,-891.0,71.0,0.176,-0.743,0.057,0.643
460437,-4699.0,-2172.0,-558.0,234.0,-878.0,389.0,0.176,-0.737,0.06,0.65
460460,-4071.0,-1828.0,-898.0,290.0,-895.0,823.0,0.174,-0.73,0.066,0.657
460473,-2877.0,-1504.0,-1038.0,246.0,-888.0,832.0,0.171,-0.724,0.072,0.664
460496,-2689.0,-930.0,-220.0,183.0,-842.0,721.0,0.169,-0.718,0.077,0.671
460509,-1845.0,-1180.0,-204.0,158.0,-690.0,453.0,0.168,-0.713,0.08,0.676
460522,-2695.0,-1292.0,200.0,180.0,-598.0,396.0,0.167,-0.708,0.083,0.681
460540,-2205.0,-886.0,482.0,-67.0,-578.0,480.0,0.165,-0.704,0.085,0.685
460563,-2995.0,-1534.0,-96.0,-387.0,-335.0,569.0,0.159,-0.702,0.087,0.688
460576,-2931.0,-1762.0,276.0,-183.0,-139.0,534.0,0.155,-0.701,0.089,0.69
460599,-3321.0,-1256.0,1238.0,-1.0,105.0,402.0,0.152,-0.702,0.092,0.69
460612,-3717.0,-1590.0,106.0,71.0,278.0,187.0,0.152,-0.703,0.094,0.688
460635,-4085.0,-1076.0,620.0,99.0,395.0,-80.0,0.153,-0.706,0.095,0.685
460648,-3923.0,-1128.0,708.0,-65.0,523.0,-364.0,0.154,-0.709,0.093,0.681
460671,-3871.0,-1038.0,864.0,-66.0,532.0,-533.0,0.157,-0.713,0.091,0.677
460684,-3595.0,-590.0,-2.0,-96.0,565.0,-609.0,0.16,-0.717,0.087,0.673
460697,-4487.0,-1976.0,-596.0,-21.0,622.0,-656.0,0.164,-0.722,0.084,0.667
460720,-4605.0,-456.0,420.0,50.0,573.0,-664.0,0.168,-0.726,0.08,0.662
460733,-4713.0,-1006.0,782.0,68.0,463.0,-944.0,0.174,-0.729,0.075,0.658
460756,-5533.0,-1492.0,-744.0,316.0,593.0,-850.0,0.181,-0.733,0.073,0.652
460769,-6295.0,-1602.0,-686.0,358.0,465.0,-766.0,0.188,-0.735,0.071,0.647
460792,-6783.0,-886.0,266.0,73.0,392.0,-501.0,0.192,-0.738,0.069,0.643
460805,-7127.0,-1170.0,632.0,38.0,139.0,-500.0,0.195,-0.739,0.066,0.642
460828,-6857.0,-1570.0,212.0,-68.0,-101.0,-500.0,0.198,-0.739,0.062,0.641
460841,-7303.0,-1886.0,-44.0,206.0,-124.0,-172.0,0.2,-0.738,0.062,0.642
460864,-8159.0,-890.0,-194.0,94.0,-120.0,10.0,0.201,-0.737,0.062,0.643
460877,-7489.0,-1128.0,566.0,7.0,-234.0,-114.0,0.202,-0.735,0.061,0.644
460890,-7931.0,-1214.0,750.0,-45.0,-307.0,-85.0,0.202,-0.733,0.06,0.647
460913,-8357.0,-762.0,-382.0,-49.0,-371.0,26.0,0.202,-0.731,0.059,0.649
460926,-8085.0,-1152.0,-296.0,-7.0,-334.0,-43.0,0.202,-0.729,0.058,0.651
460949,-8579.0,-896.0,442.0,74.0,-292.0,40.0,0.202,-0.727,0.059,0.654
460962,-8821.0,-610.0,1272.0,-56.0,-282.0,221.0,0.201,-0.725,0.06,0.656
460985,-9133.0,-856.0,1012.0,-180.0,-325.0,332.0,0.198,-0.723,0.06,0.659
460998,-9467.0,-1486.0,444.0,-132.0,-307.0,285.0,0.195,-0.721,0.061,0.662
461021,-10499.0,-976.0,652.0,-59.0,-375.0,261.0,0.193,-0.719,0.061,0.665
461034,-11255.0,-1636.0,222.0,-190.0,-332.0,313.0,0.19,-0.717,0.061,0.668
461047,-11247.0,-1406.0,894.0,-215.0,-303.0,320.0,0.187,-0.715,0.062,0.671
461070,-12131.0,-2168.0,648.0,-76.0,-268.0,295.0,0.184,-0.713,0.063,0.673
461083,-12693.0,-1398.0,702.0,53.0,-253.0,341.0,0.183,-0.712,0.065,0.675
461106,-13363.0,-1828.0,-88.0,37.0,-207.0,331.0,0.181,-0.71,0.067,0.677
461119,-13189.0,-988.0,-156.0,73.0,-161.0,190.0,0.18,-0.709,0.068,0.679
461142,-13627.0,-1944.0,660.0,51.0,46.0,133.0,0.179,-0.709,0.069,0.679
461155,-13381.0,-1488.0,1106.0,337.0,104.0,123.0,0.181,-0.709,0.072,0.678
461178,-13775.0,-976.0,496.0,216.0,127.0,206.0,0.18,-0.709,0.075,0.677
461191,-13327.0,-676.0,768.0,-175.0,183.0,208.0,0.178,-0.711,0.075,0.677
461214,-13481.0,-1982.0,296.0,-419.0,310.0,34.0,0.174,-0.713,0.073,0.675
461227,-11693.0,-616.0,684.0,-52.0,473.0,-424.0,0.176,-0.717,0.071,0.671
461240,-14203.0,-2660.0,570.0,205.0,875.0,-98.0,0.178,-0.722,0.072,0.665
461263,-11959.0,-1342.0,222.0,431.0,886.0,-676.0,0.184,-0.727,0.072,0.658
461276,-13163.0,-1882.0,-444.0,171.0,841.0,-654.0,0.188,-0.732,0.07,0.651
461299,-12893.0,-2694.0,-536.0,-58.0,855.0,-605.0,0.191,-0.738,0.067,0.644
461312,-12653.0,-2210.0,-354.0,37.0,710.0,-436.0,0.193,-0.742,0.065,0.638
461335,-12173.0,-2106.0,292.0,164.0,658.0,-489.0,0.197,-0.746,0.064,0.633
461348,-11541.0,-2190.0,60.0,386.0,499.0,-633.0,0.203,-0.749,0.062,0.628
461371,-11003.0,-804.0,-640.0,186.0,530.0,-577.0,0.207,-0.752,0.06,0.623
461384,-11701.0,-2428.0,-236.0,-135.0,528.0,-517.0,0.209,-0.756,0.057,0.618
461407,-10841.0,-1910.0,210.0,-172.0,298.0,-438.0,0.21,-0.758,0.053,0.615
461420,-10499.0,-1994.0,452.0,-49.0,56.0,-337.0,0.211,-0.758,0.051,0.614
461433,-9631.0,-2072.0,50.0,71.0,-200.0,-218.0,0.213,-0.757,0.049,0.615
461456,-9307.0,-1804.0,-1684.0,-123.0,-19.0,-206.0,0.213,-0.758,0.047,0.615
461469,-8755.0,-1916.0,-928.0,-341.0,169.0,-153.0,0.212,-0.759,0.044,0.614
461492,-8775.0,-2228.0,-530.0,-328.0,104.0,57.0,0.209,-0.76,0.043,0.613
461505,-8177.0,-2258.0,-534.0,-190.0,-103.0,223.0,0.207,-0.76,0.043,0.615
461528,-7325.0,-1886.0,-344.0,-31.0,-218.0,228.0,0.205,-0.758,0.045,0.617
461541,-6569.0,-1612.0,-1450.0,-307.0,-10.0,322.0,0.201,-0.759,0.045,0.618
461564,-6881.0,-1542.0,-834.0,-382.0,66.0,400.0,0.197,-0.76,0.046,0.618
461577,-6357.0,-1856.0,400.0,-262.0,-283.0,630.0,0.191,-0.758,0.049,0.621
461600,-5435.0,-1860.0,518.0,-173.0,-528.0,687.0,0.187,-0.755,0.052,0.626
461613,-4175.0,-528.0,284.0,-138.0,-701.0,687.0,0.182,-0.751,0.055,0.632
461626,-4833.0,-2084.0,-684.0,-338.0,-789.0,461.0,0.178,-0.747,0.055,0.639
461649,-4019.0,-1358.0,-1158.0,-388.0,-861.0,423.0,0.173,-0.742,0.055,0.646
461662,-4531.0,-1484.0,-248.0,-492.0,-863.0,435.0,0.168,-0.737,0.053,0.652
461685,-3331.0,-1496.0,-686.0,-523.0,-777.0,578.0,0.161,-0.733,0.053,0.659
461698,-4695.0,-1524.0,-132.0,-484.0,-873.0,746.0,0.154,-0.728,0.055,0.666
461721,-4531.0,-2230.0,-936.0,-638.0,-807.0,685.0,0.146,-0.723,0.054,0.673
461734,-3613.0,-1660.0,-298.0,-551.0,-761.0,575.0,0.14,-0.719,0.054,0.679
461757,-4677.0,-1946.0,-758.0,-287.0,-697.0,512.0,0.135,-0.715,0.055,0.684
461770,-3591.0,-1606.0,-100.0,-195.0,-607.0,656.0,0.13,-0.711,0.058,0.689
461783,-3931.0,-1236.0,586.0,-37.0,-462.0,638.0,0.127,-0.707,0.062,0.693
461806,-3689.0,-1192.0,-150.0,8.0,-237.0,572.0,0.123,-0.705,0.066,0.695
461819,-3561.0,-1060.0,14.0,-87.0,57.0,372.0,0.121,-0.706,0.068,0.695
461842,-3455.0,-554.0,-302.0,-71.0,414.0,56.0,0.12,-0.708,0.069,0.692
461855,-3625.0,-862.0,-392.0,6.0,665.0,-159.0,0.121,-0.713,0.069,0.688
461878,-3953.0,-1022.0,-564.0,148.0,766.0,-302.0,0.124,-0.717,0.069,0.682
461891,-5431.0,-1474.0,-1344.0,253.0,1006.0,-326.0,0.127,-0.724,0.07,0.675
461914,-3901.0,-588.0,-366.0,267.0,1015.0,-944.0,0.134,-0.73,0.066,0.666
461927,-5533.0,-2110.0,-1490.0,344.0,969.0,-759.0,0.141,-0.736,0.065,0.659
461950,-5925.0,-950.0,-372.0,354.0,757.0,-542.0,0.147,-0.741,0.064,0.652
461963,-6017.0,-1626.0,-1662.0,231.0,768.0,-589.0,0.151,-0.745,0.063,0.646
461976,-5813.0,-716.0,-1106.0,423.0,749.0,-603.0,0.158,-0.75,0.063,0.64
461999,-5533.0,-64.0,-1204.0,294.0,668.0,-750.0,0.164,-0.754,0.06,0.634
462012,-5877.0,-842.0,-1606.0,262.0,723.0,-829.0,0.171,-0.758,0.057,0.627
462035,-6453.0,-1356.0,-1010.0,439.0,722.0,-768.0,0.178,-0.762,0.056,0.62
462048,-6823.0,-164.0,-1026.0,370.0,668.0,-651.0,0.184,-0.765,0.055,0.614
462071,-6947.0,-944.0,-1564.0,112.0,674.0,-596.0,0.188,-0.769,0.052,0.608
462084,-6947.0,-472.0,-1860.0,-133.0,654.0,-541.0,0.19,-0.773,0.049,0.603
462107,-7023.0,-1280.0,-1162.0,-238.0,621.0,-912.0,0.193,-0.778,0.042,0.597
462120,-7879.0,-1662.0,-418.0,-167.0,535.0,-751.0,0.196,-0.781,0.037,0.592
462143,-7609.0,-1502.0,-1454.0,-332.0,477.0,-646.0,0.197,-0.784,0.031,0.587
462156,-7875.0,-2114.0,-1424.0,-226.0,408.0,-697.0,0.199,-0.787,0.026,0.583
462169,-8019.0,-1602.0,-504.0,-235.0,391.0,-337.0,0.199,-0.79,0.023,0.58
462192,-7617.0,-1688.0,-560.0,-100.0,308.0,-351.0,0.2,-0.791,0.02,0.578
462205,-9065.0,-1130.0,-960.0,-249.0,-1.0,-266.0,0.199,-0.792,0.017,0.577
462228,-8211.0,-1292.0,-1846.0,-559.0,54.0,-204.0,0.196,-0.793,0.012,0.577
462241,-8623.0,-1926.0,-1204.0,-701.0,36.0,-129.0,0.191,-0.794,0.008,0.576
462264,-9049.0,-1912.0,-1922.0,-508.0,-12.0,-321.0,0.189,-0.795,0.003,0.576
462277,-8883.0,-2084.0,-1902.0,-419.0,-47.0,-404.0,0.188,-0.796,-0.003,0.576
462300,-9819.0,-1806.0,-1966.0,-608.0,-185.0,-407.0,0.186,-0.796,-0.01,0.576
462313,-9615.0,-2562.0,-2302.0,-718.0,-234.0,-495.0,0.183,-0.796,-0.018,0.577
462326,-10145.0,-3722.0,-2016.0,-675.0,-206.0,11.0,0.178,-0.796,-0.022,0.579
462349,-10087.0,-2290.0,-1710.0,-615.0,-293.0,151.0,0.172,-0.795,-0.025,0.581
