timeMs,ax,ay,az,q0,q1,q2,q3
2803462,8205.0,1431.0,-452.0,0.685,0.073,-0.723,-0.057
2803483,8179.0,1423.0,-490.0,0.685,0.073,-0.723,-0.056
2803501,8185.0,1505.0,-496.0,0.685,0.073,-0.723,-0.056
2803521,8193.0,1471.0,-502.0,0.685,0.073,-0.722,-0.056
2803538,8141.0,1303.0,-384.0,0.686,0.073,-0.722,-0.056
2803558,8089.0,1289.0,-318.0,0.686,0.073,-0.722,-0.055
2803578,8045.0,1189.0,-382.0,0.686,0.074,-0.722,-0.054
2803598,8031.0,1231.0,-428.0,0.686,0.074,-0.722,-0.054
2803610,8051.0,1383.0,-364.0,0.685,0.075,-0.722,-0.053
2803629,8041.0,1433.0,-350.0,0.685,0.076,-0.723,-0.052
2803649,7911.0,1473.0,-342.0,0.685,0.076,-0.723,-0.05
2803660,8011.0,1477.0,-294.0,0.685,0.077,-0.723,-0.049
2803681,7977.0,1473.0,-296.0,0.684,0.078,-0.724,-0.048
2803702,8035.0,1463.0,-342.0,0.684,0.078,-0.724,-0.047
2803711,8061.0,1443.0,-358.0,0.683,0.079,-0.724,-0.045
2803731,8097.0,1589.0,-382.0,0.683,0.08,-0.725,-0.044
2803751,8181.0,1619.0,-350.0,0.682,0.082,-0.725,-0.042
2803772,8203.0,1635.0,-268.0,0.682,0.083,-0.726,-0.041
2803781,8259.0,1593.0,-364.0,0.682,0.084,-0.726,-0.039
2803801,8283.0,1567.0,-396.0,0.682,0.085,-0.726,-0.038
2803821,8305.0,1499.0,-402.0,0.681,0.086,-0.726,-0.037
2803845,8285.0,1387.0,-440.0,0.681,0.087,-0.726,-0.036
2803854,8199.0,1355.0,-366.0,0.681,0.088,-0.726,-0.035
2803873,8187.0,1249.0,-310.0,0.682,0.09,-0.725,-0.034
2803890,8207.0,1177.0,-466.0,0.682,0.091,-0.725,-0.033
2803910,8157.0,1449.0,-464.0,0.682,0.092,-0.725,-0.031
2803928,8091.0,1397.0,-470.0,0.683,0.093,-0.724,-0.03
2803948,8041.0,1447.0,-402.0,0.683,0.094,-0.724,-0.029
2803957,7989.0,1423.0,-330.0,0.683,0.095,-0.723,-0.028
2803978,8023.0,1623.0,-386.0,0.684,0.096,-0.723,-0.028
2803998,7991.0,1373.0,-448.0,0.684,0.096,-0.723,-0.027
2804019,8145.0,1279.0,-576.0,0.684,0.097,-0.722,-0.027
2804028,8029.0,1301.0,-526.0,0.684,0.097,-0.722,-0.027
2804048,8059.0,1429.0,-428.0,0.685,0.097,-0.722,-0.026
2804069,8047.0,1461.0,-434.0,0.685,0.097,-0.722,-0.026
2804081,8077.0,1403.0,-378.0,0.685,0.097,-0.722,-0.026
2804099,8099.0,1383.0,-438.0,0.685,0.097,-0.722,-0.026
2804119,8093.0,1303.0,-466.0,0.685,0.096,-0.722,-0.026
2804137,8183.0,1353.0,-420.0,0.685,0.096,-0.722,-0.026
2804156,8191.0,1457.0,-342.0,0.685,0.096,-0.722,-0.026
2804165,8171.0,1371.0,-412.0,0.685,0.095,-0.722,-0.026
2804184,8135.0,1277.0,-452.0,0.684,0.095,-0.723,-0.027
2804201,8189.0,1309.0,-386.0,0.684,0.094,-0.723,-0.027
2804221,8115.0,1557.0,-370.0,0.684,0.094,-0.723,-0.027
2804240,8091.0,1615.0,-372.0,0.683,0.093,-0.724,-0.028
2804260,8123.0,1659.0,-360.0,0.683,0.093,-0.724,-0.028
2804282,8173.0,1629.0,-244.0,0.682,0.091,-0.725,-0.029
2804290,8123.0,1443.0,-164.0,0.682,0.09,-0.725,-0.03
2804307,8155.0,1433.0,-54.0,0.682,0.088,-0.726,-0.031
2804326,8171.0,1243.0,-68.0,0.681,0.087,-0.726,-0.031
2804343,8185.0,1293.0,-38.0,0.681,0.086,-0.726,-0.032
2804362,8183.0,1595.0,-64.0,0.681,0.085,-0.727,-0.033
2804383,8121.0,1617.0,-134.0,0.681,0.084,-0.726,-0.034
2804395,8065.0,1547.0,-10.0,0.682,0.082,-0.726,-0.035
2804415,8227.0,1375.0,-88.0,0.682,0.08,-0.726,-0.036
2804433,8251.0,1203.0,-278.0,0.683,0.078,-0.726,-0.038
2804453,8255.0,1393.0,-222.0,0.683,0.076,-0.725,-0.039
2804464,8153.0,1569.0,-234.0,0.684,0.075,-0.725,-0.04
2804483,8101.0,1457.0,-316.0,0.685,0.073,-0.724,-0.042
2804502,8015.0,1313.0,-230.0,0.685,0.07,-0.724,-0.044
2804522,8113.0,1181.0,-334.0,0.686,0.068,-0.723,-0.046
2804541,8019.0,1287.0,-428.0,0.687,0.066,-0.722,-0.048
2804550,7947.0,1415.0,-456.0,0.687,0.064,-0.722,-0.051
2804571,8089.0,1393.0,-470.0,0.688,0.061,-0.721,-0.053
2804592,8075.0,1543.0,-516.0,0.689,0.059,-0.72,-0.056
2804614,8081.0,1519.0,-414.0,0.689,0.056,-0.72,-0.059
2804623,8155.0,1405.0,-500.0,0.69,0.052,-0.72,-0.062
2804644,8153.0,1251.0,-520.0,0.69,0.049,-0.719,-0.065
2804665,8065.0,1353.0,-418.0,0.69,0.046,-0.719,-0.068
2804677,8107.0,1339.0,-324.0,0.69,0.043,-0.719,-0.071
2804699,8135.0,1321.0,-500.0,0.69,0.04,-0.719,-0.075
2804710,8035.0,1325.0,-508.0,0.689,0.037,-0.72,-0.078
2804729,8047.0,1349.0,-522.0,0.689,0.033,-0.72,-0.081
2804749,8153.0,1365.0,-490.0,0.688,0.03,-0.72,-0.084
2804768,7869.0,1437.0,-358.0,0.687,0.027,-0.721,-0.088
2804779,8469.0,1227.0,-654.0,0.686,0.023,-0.721,-0.091
2804799,8111.0,1351.0,-766.0,0.686,0.02,-0.721,-0.094
2804820,8273.0,1549.0,-538.0,0.685,0.017,-0.722,-0.097
2804832,8157.0,1493.0,-498.0,0.685,0.014,-0.722,-0.101
2804852,8149.0,1403.0,-390.0,0.684,0.01,-0.722,-0.105
2804870,8201.0,1159.0,-478.0,0.683,0.006,-0.722,-0.109
2804891,8153.0,1181.0,-422.0,0.683,0.003,-0.722,-0.112
2804903,8135.0,1183.0,-434.0,0.682,-0.0,-0.722,-0.116
2804925,8245.0,1111.0,-354.0,0.681,-0.003,-0.722,-0.119
2804935,8169.0,1165.0,-286.0,0.681,-0.006,-0.722,-0.122
2804956,8193.0,1231.0,-226.0,0.68,-0.008,-0.722,-0.125
2804976,8193.0,1077.0,-176.0,0.68,-0.011,-0.722,-0.127
2804995,8291.0,849.0,-238.0,0.679,-0.013,-0.722,-0.129
2805006,8177.0,1117.0,-216.0,0.679,-0.014,-0.722,-0.13
2805027,8097.0,1115.0,-56.0,0.679,-0.015,-0.722,-0.132
2805047,8229.0,879.0,-184.0,0.679,-0.017,-0.722,-0.133
2805058,8255.0,857.0,-226.0,0.679,-0.017,-0.722,-0.133
2805079,8179.0,969.0,-184.0,0.679,-0.017,-0.722,-0.134
2805100,8023.0,1051.0,-212.0,0.679,-0.017,-0.721,-0.133
2805111,8103.0,1097.0,-322.0,0.68,-0.017,-0.721,-0.133
2805128,7993.0,1137.0,-330.0,0.68,-0.016,-0.721,-0.132
2805145,7987.0,1157.0,-236.0,0.68,-0.016,-0.721,-0.131
2805163,7969.0,1135.0,-190.0,0.68,-0.015,-0.721,-0.13
2805184,8057.0,1243.0,-346.0,0.68,-0.014,-0.721,-0.129
2805206,8147.0,1141.0,-432.0,0.68,-0.014,-0.722,-0.127
2805213,8241.0,1077.0,-406.0,0.68,-0.013,-0.722,-0.126
2805231,8171.0,1263.0,-338.0,0.68,-0.012,-0.723,-0.124
2805252,8015.0,1423.0,-204.0,0.68,-0.01,-0.723,-0.122
2805275,8205.0,1241.0,-280.0,0.68,-0.009,-0.723,-0.121
2805285,8181.0,1205.0,-374.0,0.68,-0.008,-0.724,-0.119
2805306,8209.0,1247.0,-480.0,0.68,-0.007,-0.724,-0.117
2805324,8117.0,1337.0,-358.0,0.679,-0.005,-0.725,-0.115
2805344,8083.0,1449.0,-214.0,0.679,-0.003,-0.725,-0.114
2805355,8133.0,1325.0,-286.0,0.679,-0.002,-0.725,-0.112
2805374,8229.0,1299.0,-320.0,0.679,-0.001,-0.725,-0.111
2805395,8175.0,1321.0,-314.0,0.679,0.0,-0.726,-0.109
2805416,8145.0,1347.0,-270.0,0.679,0.002,-0.726,-0.108
2805426,8085.0,1463.0,-242.0,0.679,0.003,-0.726,-0.107
2805447,8121.0,1487.0,-260.0,0.679,0.004,-0.726,-0.106
2805468,8195.0,1343.0,-356.0,0.679,0.005,-0.726,-0.105
2805478,8235.0,1377.0,-378.0,0.68,0.005,-0.726,-0.105
2805496,8197.0,1429.0,-362.0,0.68,0.006,-0.726,-0.104
2805517,8171.0,1503.0,-314.0,0.68,0.006,-0.726,-0.104
2805537,8291.0,1349.0,-292.0,0.68,0.007,-0.726,-0.103
2805549,8257.0,1385.0,-368.0,0.681,0.007,-0.725,-0.103
2805568,8277.0,1291.0,-378.0,0.681,0.007,-0.725,-0.103
2805590,8139.0,1251.0,-316.0,0.681,0.007,-0.725,-0.103
2805601,8079.0,1287.0,-274.0,0.682,0.007,-0.724,-0.103
2805622,8103.0,1257.0,-368.0,0.682,0.008,-0.724,-0.103
2805643,8113.0,1241.0,-420.0,0.682,0.007,-0.724,-0.104
2805654,8133.0,1237.0,-342.0,0.682,0.007,-0.724,-0.104
2805673,8129.0,1411.0,-392.0,0.682,0.007,-0.723,-0.104
2805693,8135.0,1283.0,-426.0,0.683,0.007,-0.723,-0.105
2805714,8219.0,1283.0,-354.0,0.683,0.006,-0.723,-0.105
2805722,8235.0,1275.0,-322.0,0.683,0.006,-0.723,-0.106
2805739,8283.0,1213.0,-262.0,0.682,0.005,-0.723,-0.106
2805757,8389.0,1333.0,-172.0,0.682,0.004,-0.723,-0.106
2805774,8495.0,1373.0,-130.0,0.682,0.004,-0.724,-0.107
2805791,8475.0,1443.0,-190.0,0.681,0.003,-0.724,-0.107
2805808,8689.0,1269.0,-358.0,0.681,0.002,-0.725,-0.107
2805826,8613.0,1133.0,-428.0,0.681,0.002,-0.725,-0.108
2805844,8547.0,1235.0,-220.0,0.681,0.002,-0.724,-0.109
2805862,8287.0,1319.0,-88.0,0.681,0.002,-0.724,-0.11
2805879,8151.0,1329.0,-4.0,0.682,0.002,-0.723,-0.111
2805896,8113.0,1285.0,-74.0,0.682,0.002,-0.722,-0.113
2805913,8013.0,1375.0,-60.0,0.683,0.002,-0.722,-0.114
2805930,8001.0,1357.0,38.0,0.683,0.003,-0.721,-0.116
2805947,8079.0,1363.0,-48.0,0.684,0.003,-0.72,-0.117
2805965,8061.0,1387.0,-168.0,0.686,0.004,-0.718,-0.118
2805983,7989.0,1395.0,-140.0,0.687,0.004,-0.717,-0.119
2806000,7971.0,1211.0,-54.0,0.689,0.005,-0.715,-0.12
2806017,7831.0,1439.0,88.0,0.691,0.006,-0.713,-0.121
2806035,7935.0,1269.0,-72.0,0.693,0.008,-0.711,-0.121
2806052,8133.0,1203.0,-170.0,0.695,0.009,-0.709,-0.122
2806069,8001.0,1465.0,-186.0,0.696,0.01,-0.707,-0.122
2806087,8117.0,1377.0,-196.0,0.698,0.012,-0.706,-0.122
2806104,8189.0,1461.0,-172.0,0.699,0.013,-0.704,-0.123
2806121,8091.0,1423.0,-170.0,0.701,0.014,-0.702,-0.124
2806138,7995.0,1299.0,-114.0,0.702,0.015,-0.701,-0.124
2806155,8065.0,1309.0,-168.0,0.703,0.016,-0.7,-0.125
2806173,7997.0,1507.0,-264.0,0.704,0.018,-0.699,-0.125
2806190,7781.0,1541.0,-208.0,0.705,0.019,-0.698,-0.126
2806207,7797.0,1647.0,-230.0,0.705,0.02,-0.697,-0.126
2806224,8059.0,1575.0,-202.0,0.706,0.021,-0.697,-0.127
2806242,8313.0,1561.0,-232.0,0.706,0.022,-0.697,-0.127
2806259,8197.0,1481.0,-136.0,0.705,0.022,-0.697,-0.128
2806277,8355.0,1549.0,-176.0,0.705,0.022,-0.697,-0.128
2806294,8335.0,1815.0,-32.0,0.704,0.022,-0.698,-0.129
2806311,8573.0,1723.0,-202.0,0.704,0.021,-0.698,-0.131
2806328,8757.0,1701.0,-288.0,0.703,0.02,-0.698,-0.132
2806345,8557.0,1135.0,-218.0,0.703,0.02,-0.698,-0.134
2806362,8561.0,1113.0,70.0,0.702,0.021,-0.698,-0.136
2806380,8367.0,1111.0,74.0,0.702,0.023,-0.698,-0.137
2806398,8117.0,947.0,60.0,0.702,0.025,-0.699,-0.139
2806417,8009.0,1041.0,62.0,0.701,0.029,-0.699,-0.139
2806435,8197.0,1349.0,-176.0,0.701,0.034,-0.699,-0.14
2806453,8169.0,519.0,-98.0,0.701,0.038,-0.698,-0.14
2806470,8023.0,1825.0,-110.0,0.702,0.045,-0.696,-0.14
2806488,7823.0,2451.0,320.0,0.704,0.051,-0.695,-0.14
2806505,7593.0,2013.0,848.0,0.706,0.056,-0.693,-0.139
2806525,7411.0,1315.0,1242.0,0.707,0.061,-0.691,-0.137
2806544,7579.0,1561.0,1120.0,0.709,0.067,-0.69,-0.133
2806566,7793.0,2229.0,790.0,0.71,0.073,-0.689,-0.127
2806584,7615.0,2699.0,742.0,0.711,0.079,-0.688,-0.121
2806603,7725.0,2569.0,552.0,0.711,0.084,-0.688,-0.115
2806612,7769.0,2411.0,290.0,0.712,0.088,-0.688,-0.109
2806630,7879.0,2129.0,134.0,0.712,0.092,-0.688,-0.103
2806648,7821.0,2045.0,40.0,0.713,0.096,-0.688,-0.098
2806667,7929.0,2187.0,-120.0,0.713,0.1,-0.688,-0.092
2806686,7921.0,2295.0,136.0,0.714,0.105,-0.687,-0.086
2806704,7883.0,2427.0,320.0,0.714,0.109,-0.687,-0.08
2806722,7891.0,2581.0,498.0,0.715,0.113,-0.685,-0.076
2806740,7809.0,2431.0,526.0,0.717,0.115,-0.684,-0.072
2806758,7873.0,2571.0,652.0,0.718,0.117,-0.683,-0.069
2806776,7941.0,2705.0,470.0,0.719,0.118,-0.681,-0.066
2806795,7741.0,2761.0,284.0,0.72,0.118,-0.68,-0.065
2806804,7665.0,2807.0,180.0,0.721,0.117,-0.68,-0.065
2806823,7707.0,2507.0,200.0,0.722,0.115,-0.679,-0.065
2806840,7703.0,2499.0,182.0,0.722,0.114,-0.679,-0.065
2806857,7743.0,2239.0,248.0,0.722,0.112,-0.679,-0.066
2806875,7693.0,2397.0,416.0,0.722,0.11,-0.68,-0.068
2806892,7741.0,2529.0,482.0,0.722,0.107,-0.68,-0.069
2806909,7765.0,2627.0,450.0,0.722,0.105,-0.681,-0.071
2806926,7799.0,2607.0,542.0,0.722,0.102,-0.681,-0.073
2806943,7629.0,2855.0,482.0,0.722,0.098,-0.681,-0.076
2806960,7835.0,2433.0,596.0,0.722,0.094,-0.681,-0.079
2806977,7853.0,2265.0,478.0,0.722,0.089,-0.681,-0.083
2806994,7875.0,2269.0,522.0,0.722,0.085,-0.682,-0.086
2807011,7815.0,2357.0,652.0,0.721,0.08,-0.682,-0.09
2807028,7903.0,2275.0,680.0,0.721,0.075,-0.682,-0.094
2807044,8003.0,2039.0,700.0,0.721,0.07,-0.683,-0.097
2807061,8179.0,2117.0,656.0,0.72,0.066,-0.683,-0.1
2807078,8339.0,2017.0,716.0,0.72,0.063,-0.683,-0.103
2807094,8253.0,2219.0,722.0,0.721,0.059,-0.683,-0.105
2807111,8257.0,2167.0,890.0,0.721,0.057,-0.682,-0.108
2807128,8315.0,2043.0,846.0,0.721,0.055,-0.682,-0.11
2807145,8355.0,2007.0,806.0,0.721,0.052,-0.681,-0.113
2807162,8375.0,1947.0,728.0,0.721,0.051,-0.681,-0.115
2807179,8313.0,1983.0,756.0,0.722,0.049,-0.68,-0.118
2807206,8231.0,1883.0,910.0,0.723,0.047,-0.679,-0.12
2807223,8141.0,1723.0,948.0,0.723,0.045,-0.678,-0.122
2807240,8089.0,1447.0,934.0,0.724,0.044,-0.677,-0.123
2807258,8057.0,1453.0,846.0,0.725,0.043,-0.676,-0.124
2807275,7949.0,1607.0,824.0,0.726,0.042,-0.676,-0.124
2807293,7847.0,1647.0,794.0,0.726,0.042,-0.675,-0.124
2807311,7997.0,1931.0,784.0,0.727,0.042,-0.674,-0.124
2807329,7915.0,2003.0,772.0,0.728,0.042,-0.673,-0.123
2807346,7939.0,2021.0,750.0,0.729,0.042,-0.672,-0.122
2807364,7927.0,2051.0,756.0,0.73,0.042,-0.671,-0.121
2807382,7823.0,2063.0,806.0,0.731,0.043,-0.67,-0.12
2807400,7851.0,2213.0,754.0,0.732,0.043,-0.67,-0.119
2807419,7811.0,2109.0,714.0,0.733,0.044,-0.669,-0.117
2807438,7735.0,2295.0,716.0,0.734,0.045,-0.668,-0.116
2807455,7827.0,2253.0,776.0,0.735,0.046,-0.667,-0.114
2807473,7883.0,2353.0,756.0,0.736,0.047,-0.666,-0.113
2807491,7891.0,2207.0,746.0,0.737,0.047,-0.665,-0.112
2807513,8145.0,2305.0,708.0,0.738,0.048,-0.664,-0.112
2807523,7959.0,2329.0,658.0,0.739,0.049,-0.663,-0.111
2807540,8095.0,2315.0,512.0,0.74,0.049,-0.662,-0.11
2807557,8313.0,2295.0,452.0,0.74,0.049,-0.661,-0.11
2807575,8493.0,2207.0,268.0,0.741,0.049,-0.66,-0.11
2807595,8595.0,2039.0,348.0,0.742,0.049,-0.659,-0.11
2807615,8303.0,1747.0,408.0,0.743,0.049,-0.658,-0.11
2807634,7685.0,1901.0,574.0,0.744,0.049,-0.657,-0.11
2807643,7163.0,2257.0,678.0,0.744,0.048,-0.657,-0.112
2807662,7021.0,1143.0,874.0,0.743,0.046,-0.657,-0.115
2807681,7143.0,683.0,692.0,0.742,0.045,-0.658,-0.118
2807700,7377.0,1043.0,576.0,0.741,0.045,-0.659,-0.119
2807718,7735.0,1543.0,556.0,0.74,0.045,-0.66,-0.121
2807736,8039.0,1689.0,762.0,0.74,0.044,-0.66,-0.122
2807754,8305.0,1687.0,1196.0,0.74,0.042,-0.66,-0.123
2807773,8273.0,1387.0,1798.0,0.739,0.039,-0.66,-0.124
2807781,8411.0,1207.0,1890.0,0.739,0.036,-0.661,-0.126
2807800,8567.0,1251.0,1860.0,0.739,0.033,-0.66,-0.127
2807823,8451.0,1459.0,1752.0,0.739,0.03,-0.66,-0.129
2807842,8349.0,1513.0,1624.0,0.74,0.027,-0.659,-0.13
2807861,8237.0,1559.0,1498.0,0.741,0.025,-0.658,-0.132
2807870,7809.0,1725.0,1336.0,0.742,0.022,-0.656,-0.133
2807887,8065.0,1661.0,1468.0,0.743,0.018,-0.655,-0.135
2807906,7959.0,1459.0,1372.0,0.744,0.015,-0.654,-0.136
2807924,7951.0,1107.0,1324.0,0.745,0.012,-0.652,-0.138
2807942,8011.0,1109.0,1302.0,0.746,0.009,-0.651,-0.139
2807960,8041.0,867.0,1392.0,0.747,0.007,-0.65,-0.139
2807979,8103.0,789.0,1400.0,0.748,0.005,-0.649,-0.139
2807998,8209.0,821.0,1596.0,0.748,0.004,-0.649,-0.139
2808015,8379.0,917.0,1802.0,0.749,0.003,-0.648,-0.138
2808033,8253.0,919.0,2028.0,0.75,0.002,-0.648,-0.137
2808051,8383.0,491.0,2016.0,0.75,0.002,-0.647,-0.136
2808069,8497.0,543.0,2388.0,0.751,0.001,-0.646,-0.134
2808087,8391.0,423.0,2544.0,0.752,0.002,-0.645,-0.132
2808105,8377.0,403.0,2532.0,0.754,0.002,-0.644,-0.129
2808115,8221.0,615.0,2532.0,0.756,0.004,-0.643,-0.126
2808133,7967.0,703.0,2376.0,0.758,0.006,-0.641,-0.122
2808151,7849.0,1049.0,2244.0,0.76,0.009,-0.639,-0.119
2808169,7571.0,1253.0,2164.0,0.762,0.013,-0.637,-0.115
2808188,7275.0,1693.0,1800.0,0.763,0.017,-0.636,-0.112
2808207,7095.0,1819.0,1396.0,0.765,0.022,-0.635,-0.108
2808226,6881.0,1945.0,1000.0,0.766,0.026,-0.634,-0.105
2808245,6771.0,2027.0,682.0,0.766,0.03,-0.634,-0.103
2808255,6833.0,1661.0,524.0,0.766,0.033,-0.634,-0.1
2808273,6893.0,1351.0,494.0,0.765,0.035,-0.636,-0.098
2808290,6991.0,1329.0,462.0,0.763,0.038,-0.638,-0.095
2808308,7123.0,1535.0,414.0,0.761,0.041,-0.641,-0.093
2808326,7191.0,947.0,408.0,0.757,0.044,-0.645,-0.091
2808344,7351.0,707.0,450.0,0.753,0.048,-0.65,-0.088
2808363,7493.0,1101.0,260.0,0.748,0.054,-0.656,-0.085
2808382,7769.0,1125.0,296.0,0.742,0.06,-0.663,-0.083
2808399,8143.0,1751.0,288.0,0.736,0.066,-0.669,-0.081
2808417,8199.0,2125.0,238.0,0.73,0.071,-0.675,-0.08
2808436,8591.0,2091.0,448.0,0.725,0.073,-0.68,-0.081
2808454,8601.0,1555.0,820.0,0.72,0.073,-0.685,-0.083
2808472,8685.0,1221.0,1060.0,0.716,0.071,-0.689,-0.085
2808480,8689.0,1201.0,1222.0,0.713,0.069,-0.693,-0.087
2808498,8825.0,1389.0,1258.0,0.709,0.066,-0.696,-0.09
2808516,8799.0,1883.0,996.0,0.706,0.063,-0.699,-0.093
2808534,8713.0,2103.0,886.0,0.704,0.06,-0.701,-0.096
2808552,8547.0,1369.0,1020.0,0.703,0.056,-0.702,-0.099
2808570,8109.0,1271.0,1108.0,0.703,0.054,-0.702,-0.101
2808588,7903.0,1987.0,938.0,0.703,0.053,-0.701,-0.103
2808606,7807.0,2317.0,836.0,0.704,0.052,-0.701,-0.104
2808624,7769.0,2313.0,492.0,0.705,0.051,-0.7,-0.105
2808641,7749.0,1687.0,400.0,0.705,0.051,-0.699,-0.106
2808659,7869.0,1809.0,282.0,0.706,0.051,-0.698,-0.106
2808678,8049.0,2143.0,12.0,0.706,0.052,-0.698,-0.105
2808697,8231.0,1943.0,-56.0,0.707,0.054,-0.698,-0.105
2808716,8369.0,1819.0,-18.0,0.706,0.056,-0.698,-0.103
2808734,8275.0,2121.0,78.0,0.706,0.06,-0.699,-0.101
2808743,8105.0,2225.0,472.0,0.705,0.064,-0.7,-0.098
2808762,8239.0,1737.0,342.0,0.703,0.069,-0.701,-0.096
2808781,8653.0,1369.0,-264.0,0.701,0.075,-0.703,-0.093
2808800,8175.0,1717.0,-156.0,0.7,0.083,-0.704,-0.091
2808819,7809.0,2399.0,228.0,0.698,0.092,-0.704,-0.089
2808837,7657.0,2767.0,416.0,0.698,0.101,-0.704,-0.087
2808855,7847.0,2619.0,636.0,0.698,0.108,-0.703,-0.085
2808872,7879.0,2313.0,782.0,0.698,0.113,-0.702,-0.084
2808890,8121.0,2195.0,748.0,0.699,0.117,-0.701,-0.083
2808909,8105.0,2091.0,718.0,0.7,0.119,-0.7,-0.082
2808918,8133.0,1739.0,336.0,0.7,0.121,-0.699,-0.081
2808936,8073.0,2161.0,10.0,0.7,0.123,-0.699,-0.08
2808954,8057.0,2423.0,-294.0,0.7,0.125,-0.698,-0.08
2808972,8151.0,2511.0,-460.0,0.7,0.127,-0.698,-0.079
2808990,8149.0,2665.0,-494.0,0.7,0.13,-0.698,-0.079
2809009,7901.0,2725.0,-288.0,0.699,0.131,-0.698,-0.078
2809028,7799.0,2771.0,-104.0,0.699,0.133,-0.698,-0.078
2809047,7989.0,2705.0,100.0,0.699,0.134,-0.698,-0.077
2809065,7873.0,2735.0,332.0,0.699,0.135,-0.698,-0.077
2809083,7865.0,2855.0,514.0,0.7,0.136,-0.697,-0.077
2809101,7905.0,2627.0,478.0,0.7,0.136,-0.697,-0.077
2809111,7919.0,2867.0,366.0,0.7,0.136,-0.696,-0.078
2809129,7941.0,2789.0,342.0,0.701,0.135,-0.696,-0.078
2809148,7913.0,2773.0,228.0,0.702,0.135,-0.695,-0.079
2809167,7881.0,2801.0,142.0,0.702,0.134,-0.695,-0.08
2809185,7841.0,2627.0,128.0,0.703,0.133,-0.694,-0.081
2809204,7919.0,2509.0,134.0,0.703,0.131,-0.694,-0.083
2809222,7855.0,2389.0,72.0,0.703,0.13,-0.694,-0.084
2809240,7799.0,2163.0,-20.0,0.703,0.129,-0.694,-0.085
2809259,7915.0,2117.0,-60.0,0.703,0.128,-0.695,-0.085
2809269,7841.0,2241.0,-2.0,0.702,0.128,-0.695,-0.086
2809286,7813.0,2345.0,54.0,0.702,0.128,-0.696,-0.086
2809304,7829.0,2491.0,106.0,0.701,0.128,-0.696,-0.086
2809322,7709.0,2363.0,90.0,0.7,0.128,-0.697,-0.086
2809340,7759.0,2483.0,132.0,0.7,0.129,-0.697,-0.086
2809359,7787.0,2565.0,54.0,0.699,0.129,-0.698,-0.086
2809378,7797.0,2445.0,42.0,0.698,0.129,-0.699,-0.086
2809398,7869.0,2359.0,-24.0,0.698,0.129,-0.699,-0.085
2809408,7807.0,2467.0,38.0,0.698,0.129,-0.699,-0.085
2809426,7875.0,2473.0,38.0,0.698,0.13,-0.699,-0.085
2809445,7841.0,2603.0,-76.0,0.698,0.13,-0.699,-0.084
2809465,7827.0,2311.0,-22.0,0.698,0.13,-0.699,-0.083
2809483,7741.0,2319.0,14.0,0.699,0.13,-0.699,-0.083
2809501,7873.0,2431.0,66.0,0.699,0.13,-0.698,-0.082
2809519,7839.0,2445.0,14.0,0.699,0.13,-0.698,-0.082
2809536,7847.0,2507.0,-156.0,0.699,0.13,-0.698,-0.081
2809553,7853.0,2507.0,-74.0,0.7,0.129,-0.698,-0.081
2809570,7849.0,2531.0,-76.0,0.7,0.129,-0.698,-0.081
2809588,7777.0,2397.0,-56.0,0.7,0.128,-0.698,-0.081
2809606,7903.0,2555.0,-136.0,0.7,0.128,-0.698,-0.081
2809624,7833.0,2459.0,-78.0,0.7,0.127,-0.698,-0.081
2809643,7783.0,2547.0,-12.0,0.7,0.126,-0.698,-0.081
2809652,7843.0,2489.0,-22.0,0.701,0.125,-0.698,-0.082
2809670,7821.0,2527.0,-32.0,0.701,0.123,-0.698,-0.082
2809688,7813.0,2299.0,118.0,0.701,0.121,-0.698,-0.083
2809706,7749.0,2389.0,104.0,0.701,0.12,-0.698,-0.084
2809725,7899.0,2269.0,16.0,0.701,0.118,-0.698,-0.085
2809744,7993.0,2249.0,20.0,0.701,0.116,-0.698,-0.085
2809763,7957.0,2259.0,68.0,0.702,0.113,-0.698,-0.086
2809782,7935.0,2095.0,116.0,0.702,0.112,-0.698,-0.087
2809800,7965.0,2211.0,112.0,0.702,0.11,-0.698,-0.088
2809809,8021.0,2231.0,140.0,0.702,0.108,-0.698,-0.089
2809828,7963.0,2171.0,56.0,0.702,0.107,-0.699,-0.089
2809848,7839.0,2119.0,-354.0,0.702,0.106,-0.699,-0.09
2809867,7943.0,2125.0,138.0,0.702,0.104,-0.699,-0.091
2809886,7945.0,2303.0,140.0,0.702,0.103,-0.699,-0.092
2809905,7935.0,2243.0,76.0,0.702,0.102,-0.699,-0.093
2809914,8013.0,2157.0,130.0,0.702,0.101,-0.699,-0.093
2809932,7931.0,2229.0,192.0,0.702,0.101,-0.699,-0.094
2809951,7967.0,2249.0,92.0,0.702,0.1,-0.699,-0.095
2809970,7937.0,2073.0,66.0,0.702,0.099,-0.699,-0.096
2809990,7911.0,1987.0,142.0,0.702,0.099,-0.699,-0.097
2810009,7863.0,1877.0,138.0,0.702,0.098,-0.699,-0.098
2810028,7751.0,2081.0,136.0,0.702,0.098,-0.698,-0.099
2810038,7825.0,1891.0,200.0,0.702,0.098,-0.698,-0.099
2810055,7845.0,1841.0,192.0,0.702,0.098,-0.698,-0.1
2810073,7923.0,1963.0,142.0,0.702,0.098,-0.698,-0.1
2810092,7919.0,1935.0,14.0,0.702,0.098,-0.698,-0.099
2810110,8009.0,1943.0,38.0,0.703,0.099,-0.698,-0.099
2810129,7893.0,2219.0,14.0,0.703,0.099,-0.697,-0.098
2810147,8035.0,2247.0,142.0,0.704,0.1,-0.696,-0.098
2810165,8077.0,2025.0,86.0,0.704,0.1,-0.696,-0.097
2810183,8139.0,1983.0,-58.0,0.705,0.1,-0.696,-0.096
2810202,8025.0,1967.0,24.0,0.705,0.101,-0.695,-0.094
2810210,7921.0,1951.0,170.0,0.705,0.102,-0.695,-0.093
2810229,7961.0,2159.0,166.0,0.705,0.104,-0.696,-0.091
2810248,8077.0,2403.0,126.0,0.705,0.106,-0.696,-0.089
2810267,7983.0,2525.0,224.0,0.705,0.107,-0.696,-0.086
2810286,8043.0,2403.0,146.0,0.705,0.108,-0.696,-0.084
2810305,8023.0,2075.0,140.0,0.704,0.11,-0.696,-0.082
2810322,7911.0,2139.0,252.0,0.704,0.111,-0.697,-0.079
2810339,7697.0,2141.0,256.0,0.704,0.113,-0.697,-0.076
2810358,7769.0,2299.0,168.0,0.704,0.114,-0.697,-0.073
2810377,7835.0,2361.0,268.0,0.703,0.116,-0.698,-0.07
2810387,7685.0,2225.0,104.0,0.703,0.118,-0.698,-0.066
2810404,7699.0,2263.0,24.0,0.703,0.119,-0.699,-0.063
2810424,7823.0,2255.0,132.0,0.702,0.121,-0.699,-0.059
2810443,7783.0,2175.0,228.0,0.702,0.123,-0.7,-0.055
2810461,7753.0,2261.0,224.0,0.701,0.125,-0.7,-0.051
2810480,7811.0,2231.0,246.0,0.701,0.126,-0.701,-0.047
2810499,7745.0,2245.0,270.0,0.7,0.128,-0.701,-0.043
2810507,7727.0,2407.0,352.0,0.699,0.129,-0.702,-0.039
2810526,7883.0,2545.0,392.0,0.698,0.13,-0.703,-0.036
2810544,7875.0,2391.0,318.0,0.697,0.13,-0.705,-0.033
2810563,8029.0,2039.0,174.0,0.696,0.13,-0.706,-0.029
2810582,8019.0,1761.0,60.0,0.695,0.13,-0.707,-0.024
2810601,8103.0,1987.0,-42.0,0.694,0.132,-0.708,-0.019
2810620,7995.0,2213.0,-18.0,0.693,0.134,-0.708,-0.014
2810639,7639.0,2087.0,110.0,0.693,0.135,-0.708,-0.008
2810647,7769.0,2131.0,238.0,0.692,0.137,-0.709,-0.003
2810665,7821.0,2091.0,16.0,0.692,0.138,-0.709,0.002
2810683,7895.0,2021.0,34.0,0.691,0.139,-0.709,0.008
2810702,8131.0,2007.0,-38.0,0.69,0.141,-0.71,0.014
2810720,8253.0,2141.0,-248.0,0.689,0.142,-0.71,0.02
2810739,8209.0,1841.0,-350.0,0.688,0.143,-0.711,0.027
2810758,8297.0,1789.0,-386.0,0.688,0.144,-0.711,0.033
2810778,8247.0,1601.0,-418.0,0.687,0.145,-0.711,0.039
2810797,8101.0,1471.0,-406.0,0.686,0.146,-0.711,0.046
2810807,7783.0,1491.0,-388.0,0.685,0.148,-0.711,0.053
2810825,7519.0,1549.0,-316.0,0.684,0.151,-0.712,0.059
2810843,7403.0,1647.0,-322.0,0.682,0.153,-0.712,0.065
2810862,7415.0,1615.0,-216.0,0.679,0.155,-0.714,0.071
2810882,7655.0,1907.0,-464.0,0.677,0.157,-0.715,0.076
2810901,7761.0,2113.0,-530.0,0.675,0.158,-0.717,0.08
2810911,7745.0,1383.0,-682.0,0.672,0.159,-0.718,0.083
2810929,8071.0,1713.0,-722.0,0.67,0.16,-0.72,0.086
2810948,8325.0,1399.0,-812.0,0.668,0.16,-0.721,0.089
2810966,8613.0,1299.0,-836.0,0.666,0.161,-0.722,0.091
2810984,8439.0,1199.0,-834.0,0.665,0.163,-0.723,0.092
2811003,8473.0,1067.0,-648.0,0.664,0.164,-0.723,0.093
2811021,8311.0,971.0,-560.0,0.663,0.167,-0.724,0.093
2811039,7797.0,1073.0,-58.0,0.662,0.17,-0.724,0.091
2811058,7797.0,1057.0,-116.0,0.66,0.174,-0.726,0.088
2811076,7833.0,1233.0,-454.0,0.658,0.177,-0.727,0.085
2811085,7667.0,1217.0,-602.0,0.656,0.18,-0.729,0.08
2811103,7583.0,1109.0,-836.0,0.655,0.183,-0.73,0.074
2811121,7791.0,991.0,-768.0,0.654,0.185,-0.73,0.068
2811140,8105.0,835.0,-1094.0,0.654,0.188,-0.73,0.063
2811159,7963.0,783.0,-1254.0,0.654,0.191,-0.729,0.059
2811179,8111.0,905.0,-1298.0,0.656,0.194,-0.727,0.055
2811197,8223.0,751.0,-1466.0,0.658,0.197,-0.725,0.052
2811215,8319.0,783.0,-1482.0,0.66,0.201,-0.722,0.05
2811233,8225.0,1107.0,-1360.0,0.663,0.204,-0.719,0.048
2811241,8201.0,1263.0,-1162.0,0.666,0.207,-0.715,0.046
2811259,8165.0,1369.0,-1144.0,0.668,0.21,-0.712,0.044
2811277,8077.0,1233.0,-1152.0,0.671,0.212,-0.709,0.041
2811296,8071.0,935.0,-1158.0,0.673,0.214,-0.707,0.039
2811314,7987.0,913.0,-1106.0,0.675,0.216,-0.705,0.036
2811332,8045.0,1105.0,-1124.0,0.676,0.218,-0.703,0.033
2811350,8163.0,1239.0,-1154.0,0.677,0.22,-0.702,0.03
2811369,7965.0,1051.0,-1178.0,0.678,0.221,-0.701,0.027
2811388,7925.0,1017.0,-1050.0,0.678,0.223,-0.7,0.024
2811406,7951.0,1013.0,-1238.0,0.679,0.225,-0.699,0.022
2811425,7891.0,1017.0,-1462.0,0.679,0.226,-0.698,0.019
2811443,7815.0,965.0,-1344.0,0.679,0.228,-0.698,0.017
2811462,7781.0,1099.0,-1270.0,0.679,0.23,-0.697,0.016
2811471,7643.0,1147.0,-1100.0,0.678,0.232,-0.697,0.015
2811488,7501.0,1053.0,-1102.0,0.678,0.234,-0.697,0.014
2811506,7637.0,1189.0,-1262.0,0.677,0.235,-0.698,0.014
2811524,7541.0,1301.0,-1220.0,0.676,0.237,-0.698,0.013
2811542,7561.0,1049.0,-1196.0,0.674,0.238,-0.699,0.013
2811560,7603.0,1055.0,-1078.0,0.673,0.239,-0.7,0.013
2811577,7667.0,1451.0,-992.0,0.671,0.24,-0.701,0.013
2811594,7825.0,1551.0,-1220.0,0.669,0.241,-0.703,0.013
2811611,7607.0,1389.0,-1324.0,0.668,0.241,-0.704,0.013
2811628,7271.0,1051.0,-1156.0,0.666,0.241,-0.706,0.013
2811646,7153.0,765.0,-942.0,0.664,0.242,-0.707,0.013
2811663,7109.0,1475.0,-900.0,0.662,0.243,-0.709,0.014
2811681,7211.0,1891.0,-1082.0,0.659,0.244,-0.711,0.014
2811699,7663.0,1659.0,-1172.0,0.656,0.244,-0.714,0.014
2811718,8213.0,1383.0,-1374.0,0.654,0.245,-0.716,0.015
2811735,8505.0,1503.0,-1328.0,0.651,0.245,-0.718,0.017
2811753,8665.0,2231.0,-1356.0,0.649,0.246,-0.72,0.019
2811770,8689.0,2111.0,-1388.0,0.647,0.246,-0.721,0.021
2811787,8499.0,1751.0,-1210.0,0.646,0.246,-0.722,0.023
2811805,8587.0,1809.0,-1056.0,0.644,0.247,-0.724,0.026
2811824,10373.0,-1683.0,924.0,0.645,0.252,-0.721,0.036
2811842,7679.0,537.0,-1152.0,0.641,0.262,-0.72,0.049
2811861,8131.0,3063.0,-1778.0,0.637,0.272,-0.718,0.061
2811879,9199.0,4357.0,-1042.0,0.634,0.279,-0.718,0.073
2811898,9285.0,2873.0,-1342.0,0.631,0.284,-0.717,0.083
2811907,9511.0,1491.0,-1980.0,0.628,0.289,-0.717,0.093
2811925,9577.0,2121.0,-2018.0,0.625,0.295,-0.715,0.104
2811943,9543.0,2961.0,-1732.0,0.623,0.301,-0.712,0.115
2811960,9307.0,2407.0,-1786.0,0.622,0.307,-0.71,0.126
2811978,9021.0,2325.0,-1502.0,0.62,0.312,-0.707,0.137
2811996,8517.0,2595.0,-1176.0,0.618,0.318,-0.704,0.147
2812014,8125.0,2757.0,-1082.0,0.615,0.323,-0.702,0.156
2812032,7887.0,2527.0,-1322.0,0.613,0.327,-0.701,0.163
2812050,7795.0,2269.0,-1480.0,0.61,0.331,-0.7,0.17
2812068,7631.0,1949.0,-1540.0,0.608,0.334,-0.699,0.176
2812085,7675.0,1771.0,-1562.0,0.605,0.338,-0.697,0.183
2812103,7609.0,2475.0,-1508.0,0.603,0.341,-0.696,0.189
2812120,7715.0,2019.0,-1590.0,0.602,0.344,-0.694,0.194
2812137,7765.0,1385.0,-1558.0,0.601,0.347,-0.692,0.199
2812154,8087.0,1673.0,-1506.0,0.599,0.35,-0.69,0.205
2812171,8079.0,1901.0,-1628.0,0.598,0.353,-0.688,0.21
2812188,8273.0,2105.0,-1836.0,0.598,0.355,-0.686,0.215
2812206,8233.0,1639.0,-1674.0,0.597,0.357,-0.684,0.22
2812224,8239.0,1677.0,-1618.0,0.597,0.359,-0.681,0.225
2812242,8209.0,1803.0,-1620.0,0.597,0.36,-0.679,0.23
2812259,8389.0,1797.0,-1632.0,0.597,0.362,-0.677,0.234
2812278,8279.0,2749.0,-1652.0,0.597,0.362,-0.675,0.238
2812297,8255.0,1637.0,-1366.0,0.598,0.362,-0.673,0.242
2812315,8379.0,1759.0,-1500.0,0.598,0.362,-0.671,0.246
2812335,8275.0,2093.0,-1530.0,0.599,0.362,-0.67,0.249
2812344,8495.0,1691.0,-1508.0,0.6,0.361,-0.669,0.252
2812362,8157.0,1463.0,-1540.0,0.601,0.359,-0.667,0.255
2812380,7963.0,1183.0,-1484.0,0.602,0.359,-0.666,0.257
2812399,7777.0,1127.0,-1364.0,0.604,0.358,-0.664,0.258
2812418,7681.0,1171.0,-1260.0,0.606,0.359,-0.662,0.258
2812437,7467.0,1101.0,-1238.0,0.608,0.36,-0.66,0.257
2812455,7435.0,1057.0,-1270.0,0.609,0.361,-0.658,0.256
2812474,7355.0,1137.0,-1246.0,0.611,0.364,-0.656,0.254
2812483,7191.0,1147.0,-1218.0,0.613,0.366,-0.654,0.251
2812501,6967.0,1063.0,-1066.0,0.615,0.369,-0.651,0.247
2812519,6917.0,1237.0,-1156.0,0.617,0.371,-0.65,0.244
2812537,7027.0,1229.0,-1200.0,0.619,0.374,-0.648,0.239
2812555,6987.0,1149.0,-1094.0,0.621,0.376,-0.646,0.235
2812573,7127.0,1295.0,-1002.0,0.623,0.378,-0.645,0.231
2812591,7601.0,1419.0,-1054.0,0.624,0.38,-0.644,0.226
2812609,8043.0,1259.0,-1232.0,0.625,0.381,-0.644,0.222
2812628,8253.0,1325.0,-1220.0,0.627,0.383,-0.643,0.218
2812647,8505.0,1239.0,-1340.0,0.628,0.384,-0.642,0.214
2812665,8413.0,1113.0,-1118.0,0.629,0.386,-0.641,0.211
2812684,8489.0,1443.0,-1176.0,0.629,0.388,-0.641,0.208
2812692,8605.0,1891.0,-1450.0,0.629,0.39,-0.64,0.205
2812711,8347.0,1607.0,-1182.0,0.629,0.392,-0.64,0.203
2812729,7917.0,1477.0,-920.0,0.629,0.393,-0.641,0.2
2812748,7951.0,1959.0,-1050.0,0.628,0.394,-0.642,0.197
2812766,8057.0,1863.0,-1410.0,0.628,0.394,-0.643,0.193
2812784,7815.0,1551.0,-1314.0,0.627,0.394,-0.645,0.19
2812802,7853.0,1455.0,-1236.0,0.626,0.394,-0.647,0.187
2812820,7825.0,1657.0,-1288.0,0.625,0.394,-0.649,0.184
2812838,7877.0,1711.0,-1406.0,0.624,0.393,-0.651,0.181
2812856,8005.0,1741.0,-1404.0,0.622,0.393,-0.653,0.179
2812874,8161.0,1673.0,-1486.0,0.621,0.392,-0.655,0.177
2812893,8107.0,1545.0,-1380.0,0.62,0.391,-0.657,0.176
2812902,8067.0,1705.0,-1296.0,0.619,0.389,-0.659,0.175
2812920,8127.0,1889.0,-1268.0,0.619,0.388,-0.661,0.174
2812939,8105.0,1709.0,-1380.0,0.618,0.386,-0.663,0.174
2812957,8079.0,1683.0,-1402.0,0.617,0.384,-0.665,0.174
2812976,7943.0,1677.0,-1194.0,0.616,0.382,-0.666,0.175
2812993,7791.0,1697.0,-1006.0,0.615,0.38,-0.668,0.175
2813011,7839.0,1771.0,-1080.0,0.614,0.378,-0.671,0.175
2813030,7853.0,1875.0,-1212.0,0.613,0.375,-0.673,0.175
2813048,7947.0,1641.0,-1160.0,0.612,0.373,-0.676,0.174
2813067,7941.0,1871.0,-1094.0,0.611,0.37,-0.678,0.174
2813085,8103.0,1871.0,-1268.0,0.609,0.367,-0.681,0.174
2813103,8261.0,1667.0,-1376.0,0.609,0.364,-0.684,0.173
2813112,8277.0,1775.0,-1298.0,0.608,0.361,-0.686,0.173
2813130,8331.0,1607.0,-1204.0,0.607,0.358,-0.688,0.173
2813148,8239.0,1631.0,-1232.0,0.607,0.356,-0.689,0.173
2813166,8305.0,1615.0,-1274.0,0.607,0.353,-0.691,0.173
2813184,8273.0,1683.0,-1208.0,0.606,0.351,-0.692,0.173
2813202,8253.0,1731.0,-1226.0,0.606,0.349,-0.694,0.173
2813220,8285.0,1713.0,-1154.0,0.606,0.347,-0.695,0.172
2813237,8167.0,1479.0,-1208.0,0.606,0.345,-0.696,0.172
2813256,8257.0,1637.0,-1256.0,0.606,0.343,-0.697,0.171
2813273,8241.0,1773.0,-1246.0,0.606,0.342,-0.698,0.17
2813291,8305.0,1487.0,-1254.0,0.606,0.34,-0.699,0.169
2813308,8309.0,1427.0,-1320.0,0.607,0.338,-0.7,0.167
2813325,8357.0,1303.0,-1204.0,0.607,0.337,-0.7,0.166
2813344,8339.0,1359.0,-1362.0,0.608,0.336,-0.7,0.165
2813362,8371.0,1479.0,-1376.0,0.608,0.335,-0.7,0.164
2813381,8049.0,1519.0,-1216.0,0.609,0.335,-0.7,0.163
2813398,8007.0,1465.0,-1156.0,0.61,0.334,-0.7,0.162
2813415,8011.0,1635.0,-1378.0,0.61,0.334,-0.7,0.161
2813432,8021.0,1485.0,-1386.0,0.611,0.333,-0.7,0.16
2813450,7999.0,1417.0,-1290.0,0.611,0.332,-0.7,0.159
2813468,8115.0,1619.0,-1290.0,0.612,0.332,-0.7,0.158
2813488,8045.0,1781.0,-1320.0,0.613,0.331,-0.7,0.157
2813497,8139.0,1751.0,-1456.0,0.614,0.329,-0.7,0.157
2813515,8013.0,1393.0,-1516.0,0.615,0.328,-0.7,0.157
2813533,8009.0,1307.0,-1496.0,0.616,0.327,-0.699,0.157
2813550,7993.0,1355.0,-1400.0,0.618,0.326,-0.698,0.157
2813568,7911.0,1471.0,-1292.0,0.619,0.326,-0.697,0.158
2813586,7815.0,1599.0,-1322.0,0.62,0.325,-0.696,0.158
2813603,7947.0,1711.0,-1322.0,0.621,0.325,-0.696,0.158
2813621,7881.0,1443.0,-1332.0,0.622,0.324,-0.695,0.158
2813639,7931.0,1505.0,-1304.0,0.623,0.324,-0.694,0.158
2813657,8021.0,1549.0,-1400.0,0.624,0.323,-0.694,0.158
2813675,8093.0,1531.0,-1398.0,0.624,0.323,-0.694,0.159
2813694,8097.0,1587.0,-1332.0,0.625,0.322,-0.693,0.159
2813713,8089.0,1653.0,-1356.0,0.626,0.321,-0.693,0.16
2813732,8129.0,1541.0,-1460.0,0.626,0.32,-0.693,0.161
2813741,8123.0,1477.0,-1368.0,0.627,0.319,-0.693,0.162
2813759,8089.0,1549.0,-1374.0,0.627,0.318,-0.692,0.163
2813777,8095.0,1635.0,-1348.0,0.627,0.317,-0.692,0.164
2813795,8039.0,1485.0,-1308.0,0.628,0.316,-0.692,0.165
2813813,8129.0,1439.0,-1354.0,0.628,0.315,-0.692,0.166
2813833,8079.0,1557.0,-1314.0,0.628,0.315,-0.692,0.167
2813851,8099.0,1533.0,-1298.0,0.629,0.314,-0.692,0.167
2813870,8001.0,1385.0,-1348.0,0.629,0.314,-0.692,0.167
2813889,8021.0,1527.0,-1326.0,0.629,0.314,-0.691,0.167
2813907,8097.0,1489.0,-1352.0,0.629,0.314,-0.691,0.167
2813926,8009.0,1493.0,-1328.0,0.629,0.314,-0.691,0.168
2813935,7985.0,1411.0,-1312.0,0.629,0.314,-0.691,0.168
2813953,7915.0,1461.0,-1332.0,0.629,0.314,-0.691,0.168
2813970,7909.0,1551.0,-1370.0,0.629,0.313,-0.691,0.168
2813987,7919.0,1655.0,-1270.0,0.629,0.313,-0.691,0.168
2814005,7983.0,1551.0,-1292.0,0.629,0.313,-0.691,0.168
2814023,8053.0,1425.0,-1346.0,0.629,0.313,-0.692,0.168
2814042,8009.0,1539.0,-1368.0,0.629,0.312,-0.692,0.167
2814061,8119.0,1603.0,-1354.0,0.63,0.312,-0.691,0.167
2814080,8177.0,1479.0,-1370.0,0.63,0.312,-0.691,0.167
2814099,8227.0,1445.0,-1384.0,0.63,0.313,-0.691,0.166
2814108,8205.0,1395.0,-1344.0,0.631,0.313,-0.691,0.165
2814126,8099.0,1357.0,-1304.0,0.631,0.314,-0.69,0.165
2814145,8047.0,1451.0,-1330.0,0.631,0.314,-0.69,0.164
2814164,8053.0,1425.0,-1308.0,0.631,0.315,-0.69,0.163
2814182,8169.0,1421.0,-1348.0,0.631,0.316,-0.69,0.162
2814201,8083.0,1379.0,-1282.0,0.631,0.316,-0.69,0.161
2814220,8073.0,1397.0,-1230.0,0.631,0.317,-0.69,0.159
2814238,8067.0,1393.0,-1214.0,0.631,0.317,-0.69,0.158
2814257,8081.0,1279.0,-1306.0,0.631,0.318,-0.691,0.156
2814267,8049.0,1323.0,-1262.0,0.63,0.319,-0.691,0.154
2814285,8087.0,1243.0,-1320.0,0.63,0.319,-0.691,0.153
2814304,8123.0,1267.0,-1256.0,0.63,0.32,-0.691,0.152
2814322,8105.0,1313.0,-1182.0,0.63,0.321,-0.691,0.15
2814340,8045.0,1369.0,-1302.0,0.629,0.322,-0.691,0.149
2814359,8139.0,1403.0,-1382.0,0.629,0.323,-0.691,0.148
2814378,8153.0,1525.0,-1358.0,0.629,0.324,-0.691,0.147
2814396,8123.0,1455.0,-1204.0,0.629,0.325,-0.691,0.146
2814404,8001.0,1377.0,-1172.0,0.628,0.325,-0.692,0.145
2814422,7887.0,1323.0,-1176.0,0.628,0.325,-0.692,0.144
2814439,7923.0,1429.0,-1290.0,0.627,0.326,-0.693,0.142
2814456,7899.0,1599.0,-1314.0,0.627,0.326,-0.693,0.142
2814474,7891.0,1705.0,-1336.0,0.627,0.325,-0.694,0.141
2814492,7983.0,1475.0,-1404.0,0.626,0.324,-0.695,0.14
2814511,8057.0,1515.0,-1440.0,0.626,0.323,-0.696,0.14
2814529,8025.0,1469.0,-1318.0,0.626,0.322,-0.696,0.141
2814549,7917.0,1503.0,-1230.0,0.626,0.321,-0.697,0.141
2814567,7939.0,1547.0,-1306.0,0.626,0.319,-0.697,0.142
2814586,8005.0,1529.0,-1302.0,0.626,0.318,-0.698,0.143
2814605,7881.0,1675.0,-1192.0,0.626,0.316,-0.698,0.144
2814623,7895.0,1709.0,-1162.0,0.626,0.314,-0.699,0.144
2814642,7925.0,1657.0,-998.0,0.627,0.313,-0.699,0.145
2814651,7967.0,1591.0,-1088.0,0.627,0.311,-0.7,0.145
2814670,8037.0,1549.0,-1158.0,0.627,0.309,-0.7,0.145
2814687,8113.0,1573.0,-1264.0,0.627,0.307,-0.701,0.145
2814705,8139.0,1495.0,-1284.0,0.627,0.306,-0.702,0.145
2814724,8005.0,1469.0,-1174.0,0.627,0.305,-0.702,0.144
2814742,8013.0,1469.0,-1148.0,0.627,0.303,-0.703,0.144
2814761,7963.0,1633.0,-1126.0,0.627,0.303,-0.703,0.143
2814780,7981.0,1529.0,-1192.0,0.628,0.301,-0.703,0.143
2814798,8015.0,1725.0,-1188.0,0.628,0.3,-0.704,0.142
2814807,8027.0,1529.0,-1184.0,0.628,0.299,-0.704,0.141
2814824,7973.0,1521.0,-1172.0,0.628,0.298,-0.705,0.14
2814843,8033.0,1469.0,-1246.0,0.629,0.298,-0.705,0.139
2814860,8003.0,1431.0,-1276.0,0.629,0.297,-0.705,0.139
2814878,7993.0,1587.0,-1186.0,0.63,0.297,-0.705,0.138
2814897,7897.0,1549.0,-1180.0,0.63,0.296,-0.705,0.137
2814915,7955.0,1647.0,-1222.0,0.63,0.296,-0.705,0.136
2814933,7997.0,1599.0,-1260.0,0.631,0.295,-0.705,0.135
2814951,7993.0,1495.0,-1244.0,0.631,0.294,-0.705,0.135
2814970,8015.0,1489.0,-1212.0,0.632,0.294,-0.705,0.134
2814988,7981.0,1577.0,-1294.0,0.632,0.294,-0.704,0.134
2815006,8055.0,1513.0,-1284.0,0.633,0.293,-0.704,0.133
2815024,8061.0,1467.0,-1234.0,0.633,0.293,-0.704,0.133
2815042,7965.0,1535.0,-1300.0,0.634,0.293,-0.704,0.133
2815061,8033.0,1537.0,-1304.0,0.634,0.292,-0.704,0.132
2815070,7967.0,1511.0,-1196.0,0.634,0.292,-0.703,0.132
2815088,8007.0,1537.0,-1226.0,0.635,0.292,-0.703,0.132
2815107,8033.0,1541.0,-1248.0,0.635,0.292,-0.703,0.131
2815125,8017.0,1577.0,-1312.0,0.635,0.292,-0.703,0.131
2815143,8073.0,1467.0,-1244.0,0.635,0.292,-0.703,0.131
2815163,8009.0,1481.0,-1210.0,0.635,0.292,-0.703,0.131
2815181,8031.0,1451.0,-1222.0,0.635,0.292,-0.703,0.13
2815200,8099.0,1531.0,-1334.0,0.635,0.292,-0.703,0.13
2815208,8049.0,1495.0,-1302.0,0.635,0.292,-0.703,0.13
2815227,8075.0,1427.0,-1266.0,0.635,0.293,-0.703,0.13
2815245,8079.0,1479.0,-1258.0,0.635,0.293,-0.703,0.13
2815263,8141.0,1473.0,-1318.0,0.635,0.294,-0.702,0.129
2815282,8287.0,1399.0,-1354.0,0.635,0.294,-0.702,0.129
2815301,8145.0,1303.0,-1212.0,0.635,0.295,-0.702,0.129
2815320,8061.0,1343.0,-1200.0,0.635,0.296,-0.702,0.129
2815338,8037.0,1399.0,-1296.0,0.635,0.297,-0.702,0.129
2815356,8079.0,1317.0,-1240.0,0.634,0.298,-0.701,0.129
2815374,8097.0,1379.0,-1248.0,0.634,0.3,-0.701,0.129
2815393,7981.0,1407.0,-1194.0,0.634,0.301,-0.701,0.129
2815402,8037.0,1459.0,-1176.0,0.634,0.302,-0.701,0.129
2815419,7997.0,1521.0,-1242.0,0.633,0.302,-0.701,0.13
2815437,8071.0,1447.0,-1294.0,0.633,0.303,-0.7,0.13
2815455,7969.0,1331.0,-1254.0,0.633,0.303,-0.7,0.131
2815473,7855.0,1403.0,-1188.0,0.633,0.304,-0.7,0.132
2815491,7943.0,1615.0,-1264.0,0.633,0.304,-0.7,0.133
2815509,7985.0,1601.0,-1330.0,0.632,0.305,-0.7,0.133
2815528,8063.0,1527.0,-1312.0,0.632,0.305,-0.7,0.134
2815546,8163.0,1435.0,-1380.0,0.632,0.305,-0.699,0.135
2815565,8151.0,1425.0,-1384.0,0.632,0.305,-0.699,0.136
2815583,8057.0,1551.0,-1286.0,0.632,0.306,-0.699,0.137
2815601,8135.0,1513.0,-1340.0,0.632,0.306,-0.699,0.137
2815619,8119.0,1583.0,-1272.0,0.632,0.306,-0.698,0.138
2815637,8127.0,1585.0,-1282.0,0.632,0.306,-0.698,0.138
2815645,8195.0,1463.0,-1276.0,0.632,0.306,-0.698,0.139
2815663,8129.0,1415.0,-1254.0,0.632,0.306,-0.698,0.14
2815682,8035.0,1587.0,-1272.0,0.632,0.307,-0.698,0.14
2815700,8101.0,1675.0,-1310.0,0.631,0.307,-0.698,0.141
2815719,8219.0,1555.0,-1276.0,0.631,0.307,-0.698,0.142
2815738,8123.0,1491.0,-1246.0,0.631,0.307,-0.698,0.143
2815756,8061.0,1585.0,-1206.0,0.631,0.307,-0.698,0.144
2815774,8099.0,1569.0,-1230.0,0.631,0.307,-0.698,0.145
2815793,8003.0,1675.0,-1210.0,0.63,0.307,-0.698,0.146
2815811,7941.0,1735.0,-1184.0,0.63,0.308,-0.698,0.147
2815829,7897.0,1503.0,-1062.0,0.63,0.308,-0.698,0.148
2815838,7943.0,1549.0,-1200.0,0.63,0.308,-0.698,0.148
2815856,7961.0,1745.0,-1204.0,0.629,0.308,-0.698,0.149
2815874,7931.0,1837.0,-1216.0,0.629,0.309,-0.698,0.15
2815892,7783.0,1635.0,-1118.0,0.629,0.309,-0.698,0.15
2815910,7933.0,1729.0,-1202.0,0.629,0.309,-0.698,0.15
2815928,7871.0,1691.0,-1184.0,0.629,0.309,-0.698,0.15
2815947,7927.0,1647.0,-1192.0,0.629,0.309,-0.697,0.15
2815967,7973.0,1393.0,-1154.0,0.629,0.309,-0.697,0.15
2815986,7807.0,1563.0,-1126.0,0.629,0.31,-0.697,0.15
2816005,7905.0,1713.0,-1210.0,0.629,0.311,-0.697,0.149
2816013,7943.0,1761.0,-1314.0,0.629,0.311,-0.696,0.149
2816031,7915.0,1393.0,-1148.0,0.63,0.312,-0.696,0.148
2816050,7945.0,1511.0,-1150.0,0.63,0.312,-0.695,0.148
2816069,8107.0,1557.0,-1230.0,0.631,0.313,-0.695,0.148
2816087,8297.0,1705.0,-1282.0,0.631,0.313,-0.694,0.147
2816106,8429.0,1447.0,-1304.0,0.631,0.314,-0.694,0.147
2816125,8549.0,1343.0,-1254.0,0.632,0.314,-0.693,0.147
2816143,8863.0,1717.0,-1272.0,0.633,0.315,-0.692,0.148
2816162,9365.0,1873.0,-1382.0,0.633,0.317,-0.691,0.148
2816172,9445.0,1605.0,-1162.0,0.634,0.319,-0.689,0.148
2816189,9695.0,1541.0,-1000.0,0.634,0.321,-0.688,0.148
2816207,9931.0,1873.0,-1208.0,0.634,0.323,-0.687,0.147
2816225,10143.0,2091.0,-1156.0,0.634,0.327,-0.686,0.145
2816243,10177.0,1499.0,-1114.0,0.634,0.331,-0.685,0.143
2816261,10185.0,1887.0,-1298.0,0.633,0.337,-0.683,0.14
2816280,10253.0,2501.0,-1188.0,0.631,0.343,-0.682,0.137
2816298,10461.0,2287.0,-1348.0,0.63,0.35,-0.681,0.132
2816317,10577.0,2381.0,-1556.0,0.628,0.358,-0.679,0.125
2816336,10867.0,2287.0,-1592.0,0.626,0.368,-0.677,0.118
2816345,10569.0,2723.0,-1476.0,0.624,0.378,-0.675,0.11
2816363,10567.0,2717.0,-1620.0,0.623,0.389,-0.671,0.101
2816382,10527.0,3445.0,-2144.0,0.621,0.4,-0.668,0.092
2816401,10257.0,3115.0,-1980.0,0.619,0.412,-0.663,0.084
2816419,9773.0,3261.0,-2154.0,0.618,0.424,-0.658,0.075
2816437,9957.0,3803.0,-2586.0,0.617,0.436,-0.651,0.067
2816456,9179.0,4203.0,-2070.0,0.617,0.448,-0.645,0.061
2816474,8717.0,4517.0,-1662.0,0.615,0.46,-0.638,0.056
2816492,9323.0,5159.0,-2406.0,0.614,0.471,-0.631,0.052
2816511,8687.0,4659.0,-2246.0,0.614,0.481,-0.624,0.048
2816519,8375.0,5299.0,-2306.0,0.614,0.49,-0.617,0.044
2816537,7985.0,3711.0,-1886.0,0.614,0.498,-0.611,0.041
2816555,7415.0,4009.0,-2090.0,0.613,0.507,-0.605,0.04
2816573,6835.0,4975.0,-1764.0,0.612,0.515,-0.599,0.039
2816591,7003.0,5265.0,-2180.0,0.611,0.521,-0.594,0.038
2816609,6775.0,3237.0,-2072.0,0.611,0.526,-0.59,0.039
2816628,6593.0,4471.0,-2352.0,0.61,0.533,-0.585,0.043
2816647,5803.0,3477.0,-1496.0,0.61,0.537,-0.581,0.048
2816665,5441.0,5221.0,-1720.0,0.61,0.542,-0.576,0.053
2816683,5863.0,3753.0,-2118.0,0.61,0.544,-0.572,0.06
2816701,5467.0,3147.0,-2234.0,0.612,0.548,-0.567,0.068
2816720,4649.0,3553.0,-1878.0,0.614,0.552,-0.56,0.077
2816739,4235.0,4003.0,-2192.0,0.617,0.554,-0.552,0.086
2816747,3223.0,2605.0,-1582.0,0.621,0.557,-0.542,0.096
2816765,2137.0,3753.0,-1612.0,0.626,0.56,-0.532,0.106
2816784,1481.0,3909.0,-1360.0,0.63,0.563,-0.522,0.114
2816803,917.0,2473.0,-1090.0,0.635,0.565,-0.513,0.121
2816822,1187.0,2895.0,-1236.0,0.639,0.568,-0.503,0.126
2816840,993.0,3253.0,-1140.0,0.643,0.571,-0.494,0.13
2816858,697.0,3611.0,-854.0,0.646,0.573,-0.486,0.131
2816877,1417.0,2783.0,-974.0,0.649,0.576,-0.48,0.131
2816895,1503.0,2935.0,-758.0,0.65,0.579,-0.475,0.131
2816904,2085.0,4403.0,-722.0,0.65,0.582,-0.471,0.128
2816921,3021.0,3987.0,-1038.0,0.651,0.584,-0.469,0.124
2816939,3079.0,3907.0,-1022.0,0.65,0.586,-0.469,0.12
2816957,3453.0,4221.0,-948.0,0.648,0.588,-0.469,0.116
2816974,3501.0,5233.0,-1034.0,0.647,0.59,-0.471,0.11
2816992,4145.0,4951.0,-1246.0,0.645,0.591,-0.474,0.105
2817009,3849.0,4387.0,-1200.0,0.643,0.591,-0.477,0.098
2817026,3441.0,5053.0,-1358.0,0.641,0.592,-0.481,0.091
2817043,3725.0,4837.0,-1666.0,0.638,0.593,-0.484,0.085
2817060,3539.0,5543.0,-1262.0,0.636,0.594,-0.487,0.078
2817077,3849.0,4703.0,-1608.0,0.634,0.594,-0.49,0.071
2817095,3745.0,5765.0,-1920.0,0.631,0.595,-0.493,0.064
2817113,3757.0,3495.0,-2064.0,0.629,0.597,-0.495,0.058
2817132,3023.0,6301.0,-1436.0,0.625,0.6,-0.497,0.051
2817150,4005.0,6569.0,-1752.0,0.621,0.601,-0.501,0.045
2817168,4179.0,6229.0,-2276.0,0.618,0.6,-0.506,0.038
2817186,4639.0,3587.0,-2334.0,0.616,0.599,-0.51,0.031
2817204,5939.0,3101.0,-3196.0,0.612,0.603,-0.512,0.027
2817222,4809.0,7351.0,-2336.0,0.608,0.605,-0.513,0.024
2817240,4435.0,6285.0,-1812.0,0.605,0.607,-0.516,0.021
2817258,5187.0,5577.0,-2778.0,0.602,0.607,-0.519,0.017
2817276,5837.0,4595.0,-3106.0,0.599,0.608,-0.521,0.013
2817295,5227.0,6415.0,-2454.0,0.596,0.609,-0.523,0.012
2817315,5103.0,6351.0,-2354.0,0.594,0.609,-0.525,0.01
2817325,4945.0,6735.0,-2416.0,0.592,0.609,-0.528,0.009
2817343,6077.0,4655.0,-3164.0,0.59,0.607,-0.532,0.006
2817361,7043.0,5921.0,-3480.0,0.588,0.607,-0.534,0.007
2817380,6603.0,5879.0,-2668.0,0.587,0.606,-0.537,0.008
2817399,5645.0,5983.0,-2086.0,0.586,0.604,-0.54,0.01
2817417,5919.0,4955.0,-2998.0,0.585,0.601,-0.544,0.01
2817436,7363.0,5011.0,-2872.0,0.585,0.598,-0.547,0.011
2817454,6881.0,5595.0,-2756.0,0.585,0.594,-0.551,0.013
2817463,7445.0,5239.0,-2786.0,0.586,0.59,-0.556,0.016
2817480,6929.0,4795.0,-3348.0,0.587,0.585,-0.559,0.02
2817498,6791.0,4157.0,-2132.0,0.589,0.58,-0.563,0.024
2817517,7039.0,5567.0,-2388.0,0.59,0.574,-0.566,0.028
2817535,7787.0,4893.0,-2972.0,0.593,0.568,-0.57,0.034
2817553,7477.0,4029.0,-2596.0,0.595,0.561,-0.574,0.041
2817571,7173.0,4513.0,-1934.0,0.598,0.555,-0.576,0.048
2817589,7591.0,5623.0,-2388.0,0.6,0.548,-0.579,0.055
2817607,7281.0,4873.0,-1780.0,0.604,0.54,-0.583,0.063
2817625,7293.0,3855.0,-1806.0,0.608,0.531,-0.586,0.07
2817643,8085.0,3959.0,-2356.0,0.611,0.523,-0.589,0.079
2817661,8005.0,4749.0,-1396.0,0.615,0.514,-0.592,0.089
2817679,8593.0,5747.0,-1464.0,0.619,0.503,-0.595,0.099
2817697,9431.0,4445.0,-1604.0,0.623,0.491,-0.599,0.11
2817716,10575.0,4169.0,-1478.0,0.628,0.479,-0.601,0.12
2817735,11703.0,5049.0,-1642.0,0.633,0.468,-0.603,0.131
2817743,12469.0,4007.0,-1280.0,0.637,0.458,-0.605,0.14
2817762,12447.0,2503.0,-582.0,0.639,0.452,-0.605,0.146
2817781,11913.0,2285.0,-388.0,0.64,0.451,-0.604,0.149
2817800,11551.0,3745.0,-138.0,0.638,0.454,-0.603,0.15
2817818,11373.0,4877.0,-498.0,0.635,0.457,-0.605,0.148
2817836,11485.0,4663.0,-1082.0,0.631,0.46,-0.608,0.143
2817853,11819.0,3421.0,-1300.0,0.627,0.463,-0.611,0.138
2817871,11785.0,4021.0,-1780.0,0.622,0.468,-0.614,0.132
2817889,11373.0,3821.0,-1936.0,0.618,0.472,-0.616,0.127
2817907,10647.0,3793.0,-1812.0,0.613,0.478,-0.617,0.121
2817925,9941.0,4679.0,-1850.0,0.609,0.484,-0.617,0.116
2817942,9567.0,5399.0,-2158.0,0.605,0.49,-0.618,0.11
2817961,9379.0,4597.0,-2438.0,0.601,0.497,-0.617,0.104
2817970,8855.0,4981.0,-2310.0,0.598,0.503,-0.616,0.097
2817988,8171.0,4783.0,-2216.0,0.594,0.51,-0.615,0.091
2818006,7729.0,4847.0,-2554.0,0.591,0.518,-0.613,0.085
2818025,7283.0,5671.0,-2784.0,0.587,0.525,-0.611,0.08
2818044,6995.0,5269.0,-2750.0,0.585,0.531,-0.609,0.075
2818063,6659.0,5083.0,-2478.0,0.583,0.537,-0.606,0.071
2818082,6329.0,5493.0,-2502.0,0.581,0.543,-0.603,0.067
2818100,6029.0,4931.0,-2712.0,0.58,0.548,-0.599,0.064
2818118,5257.0,4623.0,-2278.0,0.579,0.553,-0.595,0.06
2818139,5229.0,5021.0,-2418.0,0.579,0.558,-0.592,0.058
2818147,5233.0,4919.0,-2698.0,0.579,0.563,-0.588,0.055
2818164,5265.0,5823.0,-2640.0,0.579,0.567,-0.584,0.054
2818183,4987.0,4659.0,-2314.0,0.579,0.57,-0.58,0.052
2818202,5083.0,4749.0,-2630.0,0.579,0.574,-0.576,0.051
2818221,4553.0,5189.0,-2212.0,0.58,0.577,-0.572,0.05
2818240,4085.0,5041.0,-2160.0,0.581,0.58,-0.569,0.048
2818258,3857.0,4219.0,-2190.0,0.582,0.582,-0.566,0.048
2818267,3821.0,4133.0,-2102.0,0.583,0.584,-0.562,0.048
2818285,3889.0,5681.0,-2088.0,0.586,0.585,-0.559,0.049
2818303,4059.0,4777.0,-2280.0,0.589,0.584,-0.556,0.05
2818321,3891.0,3131.0,-2118.0,0.593,0.584,-0.552,0.051
2818339,2979.0,4331.0,-1338.0,0.595,0.585,-0.549,0.055
2818357,2971.0,5161.0,-1190.0,0.597,0.584,-0.547,0.057
2818375,2977.0,4729.0,-964.0,0.599,0.582,-0.546,0.058
2818394,3461.0,3875.0,-1446.0,0.601,0.58,-0.546,0.058
2818413,3521.0,3703.0,-1336.0,0.603,0.578,-0.546,0.058
2818431,3655.0,3553.0,-1646.0,0.605,0.577,-0.546,0.058
2818449,2783.0,4131.0,-1108.0,0.607,0.576,-0.545,0.058
2818468,2439.0,3455.0,-806.0,0.608,0.574,-0.545,0.056
2818476,2489.0,2261.0,-854.0,0.609,0.573,-0.546,0.053
2818494,2779.0,2735.0,-1232.0,0.61,0.572,-0.547,0.05
2818513,3085.0,2789.0,-1390.0,0.61,0.571,-0.547,0.048
2818532,3117.0,2743.0,-1282.0,0.611,0.57,-0.547,0.045
2818550,3687.0,2871.0,-1462.0,0.613,0.569,-0.547,0.042
2818569,3779.0,2939.0,-1522.0,0.614,0.569,-0.547,0.04
2818587,3569.0,2709.0,-1140.0,0.614,0.569,-0.546,0.038
2818605,3431.0,4353.0,-1434.0,0.614,0.569,-0.546,0.036
2818626,4367.0,4225.0,-1910.0,0.615,0.568,-0.546,0.034
2818635,4567.0,3431.0,-1912.0,0.615,0.568,-0.546,0.033
2818653,4891.0,4005.0,-2020.0,0.614,0.569,-0.546,0.032
2818671,5083.0,5969.0,-2656.0,0.612,0.57,-0.547,0.032
2818690,5415.0,5485.0,-2312.0,0.612,0.569,-0.549,0.032
2818708,5833.0,4459.0,-2306.0,0.61,0.569,-0.55,0.031
2818726,5457.0,5247.0,-2226.0,0.608,0.569,-0.552,0.032
2818745,6075.0,5937.0,-2794.0,0.606,0.57,-0.554,0.032
2818764,5823.0,6059.0,-2514.0,0.604,0.569,-0.557,0.032
2818783,6425.0,6125.0,-2762.0,0.602,0.567,-0.56,0.032
2818791,6145.0,4191.0,-2598.0,0.6,0.567,-0.564,0.032
2818809,5749.0,5385.0,-2586.0,0.597,0.567,-0.567,0.034
2818827,5803.0,7687.0,-2650.0,0.595,0.566,-0.57,0.034
2818845,5587.0,5189.0,-2122.0,0.593,0.563,-0.574,0.033
2818864,6069.0,4953.0,-2754.0,0.592,0.561,-0.578,0.032
2818881,6163.0,4371.0,-2688.0,0.59,0.56,-0.581,0.032
2818900,5983.0,6099.0,-2896.0,0.589,0.559,-0.583,0.033
2818917,6063.0,6747.0,-2416.0,0.588,0.557,-0.586,0.034
2818935,6227.0,4659.0,-2798.0,0.589,0.553,-0.588,0.033
2818953,5833.0,3977.0,-2384.0,0.589,0.551,-0.59,0.033
2818970,6103.0,5233.0,-2434.0,0.589,0.55,-0.591,0.034
2818989,5857.0,6247.0,-2440.0,0.589,0.548,-0.593,0.034
2819007,6839.0,6197.0,-2400.0,0.59,0.544,-0.596,0.035
2819025,6407.0,3805.0,-2478.0,0.591,0.54,-0.599,0.035
2819043,6359.0,4065.0,-2402.0,0.591,0.537,-0.601,0.036
2819061,7351.0,5903.0,-2728.0,0.592,0.535,-0.602,0.039
2819080,6927.0,5397.0,-2230.0,0.593,0.531,-0.604,0.042
2819090,7171.0,4713.0,-2238.0,0.594,0.527,-0.606,0.045
2819108,6675.0,4065.0,-2174.0,0.596,0.523,-0.608,0.049
2819126,6789.0,4111.0,-2116.0,0.596,0.519,-0.61,0.052
2819144,7987.0,5721.0,-2408.0,0.597,0.516,-0.611,0.057
2819163,7773.0,5095.0,-2150.0,0.598,0.511,-0.614,0.061
2819181,7913.0,3941.0,-2384.0,0.6,0.507,-0.616,0.065
2819200,7491.0,4025.0,-2446.0,0.601,0.503,-0.617,0.069
2819218,7311.0,4241.0,-2200.0,0.602,0.5,-0.618,0.074
2819235,7851.0,4889.0,-2056.0,0.603,0.497,-0.619,0.079
2819252,7795.0,4783.0,-1922.0,0.605,0.492,-0.621,0.082
2819270,8125.0,3073.0,-2304.0,0.606,0.488,-0.622,0.085
2819287,7935.0,2675.0,-2464.0,0.608,0.485,-0.623,0.089
2819307,7467.0,3961.0,-1878.0,0.609,0.483,-0.622,0.095
2819317,7377.0,4205.0,-1776.0,0.61,0.481,-0.622,0.1
2819334,7453.0,3819.0,-1632.0,0.612,0.477,-0.622,0.104
2819351,7491.0,3605.0,-1640.0,0.615,0.473,-0.622,0.109
2819368,8137.0,3079.0,-2240.0,0.617,0.468,-0.623,0.114
2819385,8145.0,3215.0,-1646.0,0.619,0.464,-0.622,0.121
2819402,8095.0,3333.0,-1250.0,0.621,0.46,-0.622,0.127
2819419,8443.0,3517.0,-1402.0,0.623,0.456,-0.622,0.132
2819437,9003.0,3705.0,-1384.0,0.624,0.452,-0.623,0.136
2819455,9339.0,3331.0,-1324.0,0.626,0.448,-0.623,0.139
2819472,10117.0,3141.0,-1590.0,0.627,0.445,-0.624,0.143
2819490,9923.0,2787.0,-1122.0,0.627,0.443,-0.624,0.146
2819508,10323.0,3357.0,-1418.0,0.627,0.443,-0.623,0.148
2819525,10453.0,3863.0,-1032.0,0.626,0.444,-0.623,0.149
2819543,10397.0,3617.0,-1138.0,0.625,0.447,-0.624,0.147
2819560,10821.0,4343.0,-1176.0,0.623,0.45,-0.624,0.144
2819578,11029.0,4861.0,-1088.0,0.62,0.453,-0.625,0.138
2819596,11139.0,3879.0,-1516.0,0.618,0.456,-0.627,0.13
2819614,10949.0,3713.0,-1812.0,0.616,0.46,-0.628,0.121
2819632,10787.0,5019.0,-1710.0,0.613,0.466,-0.628,0.111
2819651,10451.0,5465.0,-1832.0,0.611,0.471,-0.628,0.101
2819670,10365.0,5461.0,-2070.0,0.608,0.476,-0.629,0.09
2819688,9969.0,4919.0,-2140.0,0.605,0.48,-0.63,0.079
2819705,9717.0,5135.0,-2302.0,0.603,0.485,-0.63,0.068
2819723,9259.0,5527.0,-2230.0,0.601,0.49,-0.629,0.057
2819742,8683.0,5473.0,-2308.0,0.599,0.494,-0.629,0.046
2819761,8239.0,5227.0,-2440.0,0.598,0.498,-0.627,0.037
2819770,7503.0,5061.0,-1984.0,0.596,0.502,-0.625,0.028
2819788,7565.0,5593.0,-2412.0,0.596,0.506,-0.623,0.02
2819806,6913.0,5401.0,-2114.0,0.596,0.509,-0.621,0.013
2819824,6851.0,5213.0,-2014.0,0.596,0.511,-0.619,0.006
2819843,6725.0,5041.0,-2314.0,0.596,0.514,-0.617,0.001
2819862,5985.0,5281.0,-1890.0,0.597,0.516,-0.614,-0.004
2819881,6211.0,5587.0,-2224.0,0.598,0.518,-0.611,-0.009
2819900,6045.0,5617.0,-2168.0,0.6,0.519,-0.609,-0.013
2819918,5959.0,4419.0,-2110.0,0.602,0.52,-0.606,-0.015
2819936,5653.0,5429.0,-2148.0,0.603,0.522,-0.603,-0.017
2819944,5195.0,5117.0,-1956.0,0.605,0.522,-0.6,-0.017
2819962,5089.0,5253.0,-1890.0,0.608,0.523,-0.597,-0.016
2819981,4985.0,4929.0,-2024.0,0.61,0.524,-0.595,-0.014
2820000,3997.0,5129.0,-1658.0,0.612,0.524,-0.592,-0.011
2820019,3707.0,5981.0,-1570.0,0.614,0.524,-0.59,-0.008
2820037,3455.0,5013.0,-1596.0,0.616,0.522,-0.59,-0.006
2820055,3503.0,4153.0,-1612.0,0.617,0.52,-0.59,-0.003
2820073,2913.0,3277.0,-1452.0,0.617,0.519,-0.592,0.0
2820091,2515.0,4949.0,-1558.0,0.615,0.519,-0.594,0.004
2820108,2931.0,4557.0,-1990.0,0.614,0.517,-0.596,0.006
2820126,3181.0,3071.0,-2084.0,0.614,0.514,-0.599,0.008
2820144,2633.0,2551.0,-1824.0,0.613,0.514,-0.6,0.01
2820162,2181.0,3685.0,-1612.0,0.612,0.514,-0.602,0.01
2820181,2137.0,3367.0,-1598.0,0.611,0.513,-0.603,0.009
2820190,2531.0,1841.0,-1642.0,0.61,0.512,-0.604,0.007
2820207,2617.0,1399.0,-1564.0,0.609,0.514,-0.604,0.005
2820225,2611.0,2009.0,-1232.0,0.607,0.516,-0.604,0.003
2820243,2747.0,2299.0,-1252.0,0.605,0.519,-0.603,0.001
2820261,2997.0,2937.0,-1104.0,0.604,0.521,-0.604,-0.001
2820280,3533.0,2115.0,-1280.0,0.602,0.523,-0.604,-0.003
2820299,3887.0,2609.0,-1236.0,0.599,0.526,-0.604,-0.004
2820317,4247.0,3311.0,-1330.0,0.597,0.528,-0.604,-0.005
2820336,4561.0,3681.0,-1640.0,0.595,0.531,-0.604,-0.005
2820354,4535.0,4053.0,-1466.0,0.593,0.533,-0.603,-0.005
2820373,4749.0,3029.0,-1598.0,0.591,0.535,-0.603,-0.004
2820382,5255.0,4563.0,-2194.0,0.589,0.538,-0.602,-0.002
2820400,4729.0,4101.0,-1652.0,0.587,0.541,-0.602,0.0
2820419,5209.0,5319.0,-2386.0,0.585,0.544,-0.601,0.003
2820437,5643.0,5609.0,-2654.0,0.584,0.546,-0.601,0.006
2820455,5847.0,4199.0,-2376.0,0.583,0.547,-0.601,0.01
2820473,6009.0,4015.0,-2622.0,0.581,0.551,-0.6,0.014
2820491,4777.0,5375.0,-1938.0,0.578,0.553,-0.599,0.019
2820508,5683.0,6283.0,-3260.0,0.576,0.556,-0.599,0.023
2820526,5571.0,4755.0,-2306.0,0.575,0.556,-0.599,0.027
2820544,6567.0,4511.0,-2764.0,0.574,0.557,-0.599,0.032
2820563,5983.0,4551.0,-2870.0,0.573,0.558,-0.599,0.038
2820581,5397.0,4867.0,-2526.0,0.572,0.559,-0.599,0.044
2820600,6347.0,5327.0,-2788.0,0.571,0.559,-0.599,0.051
2820609,6689.0,5547.0,-3042.0,0.571,0.559,-0.599,0.056
2820627,6133.0,5887.0,-2454.0,0.573,0.557,-0.599,0.06
2820645,6407.0,3927.0,-2754.0,0.574,0.554,-0.599,0.063
2820664,6657.0,4013.0,-2780.0,0.574,0.553,-0.6,0.068
2820682,7415.0,6487.0,-3642.0,0.575,0.552,-0.6,0.074
2820701,7017.0,5689.0,-2818.0,0.577,0.548,-0.6,0.079
2820720,6389.0,4137.0,-2226.0,0.579,0.545,-0.601,0.083
2820739,6385.0,4819.0,-2432.0,0.581,0.542,-0.602,0.086
2820757,6665.0,5053.0,-2434.0,0.582,0.538,-0.603,0.088
2820766,7411.0,4953.0,-3058.0,0.583,0.534,-0.605,0.091
2820784,7225.0,4549.0,-2610.0,0.585,0.529,-0.607,0.094
2820802,6641.0,3751.0,-2334.0,0.588,0.525,-0.608,0.096
2820819,7033.0,3743.0,-2568.0,0.59,0.521,-0.609,0.099
2820836,7843.0,5497.0,-2796.0,0.592,0.517,-0.609,0.103
2820854,7813.0,4995.0,-2628.0,0.595,0.511,-0.611,0.107
2820872,7353.0,3827.0,-2030.0,0.598,0.505,-0.612,0.11
2820891,6945.0,3285.0,-2042.0,0.601,0.499,-0.614,0.112
2820909,7455.0,3533.0,-1924.0,0.603,0.494,-0.616,0.114
2820927,7915.0,4795.0,-2238.0,0.605,0.489,-0.618,0.118
2820946,7835.0,3857.0,-1986.0,0.607,0.482,-0.62,0.122
2820965,7201.0,3457.0,-1366.0,0.609,0.475,-0.623,0.125
2820983,6973.0,3253.0,-1236.0,0.612,0.468,-0.625,0.127
2821002,7435.0,3319.0,-1526.0,0.614,0.459,-0.629,0.128
2821011,8925.0,3675.0,-2306.0,0.617,0.45,-0.632,0.132
2821028,10633.0,3907.0,-2818.0,0.621,0.44,-0.634,0.137
2821046,11191.0,3329.0,-2136.0,0.626,0.43,-0.635,0.145
2821065,11245.0,3167.0,-1762.0,0.63,0.421,-0.634,0.153
2821083,11029.0,2415.0,-1134.0,0.634,0.414,-0.633,0.158
2821101,11105.0,2859.0,-784.0,0.637,0.411,-0.632,0.162
2821120,10867.0,2797.0,-606.0,0.637,0.41,-0.632,0.162
2821139,10917.0,3247.0,-500.0,0.636,0.412,-0.632,0.16
2821157,11041.0,2867.0,-662.0,0.634,0.415,-0.634,0.154
2821175,11525.0,3269.0,-1242.0,0.63,0.42,-0.636,0.148
2821195,11599.0,3499.0,-1788.0,0.626,0.425,-0.638,0.141
2821204,11381.0,3437.0,-1640.0,0.622,0.431,-0.64,0.135
2821222,11257.0,3539.0,-1802.0,0.618,0.438,-0.64,0.128
2821240,10949.0,4203.0,-1878.0,0.615,0.444,-0.641,0.121
2821260,10615.0,4241.0,-1798.0,0.612,0.45,-0.64,0.115
2821279,9809.0,3515.0,-1652.0,0.61,0.456,-0.639,0.108
2821299,9717.0,3759.0,-1618.0,0.608,0.462,-0.637,0.102
2821318,9267.0,4175.0,-1764.0,0.607,0.469,-0.635,0.097
2821327,8835.0,4161.0,-1762.0,0.605,0.475,-0.632,0.092
2821346,8715.0,4345.0,-1708.0,0.604,0.482,-0.629,0.088
2821364,8717.0,5253.0,-2060.0,0.602,0.488,-0.626,0.084
2821382,8669.0,4871.0,-1998.0,0.602,0.492,-0.623,0.08
2821400,8517.0,4143.0,-2122.0,0.602,0.497,-0.62,0.077
2821419,7781.0,3963.0,-1954.0,0.602,0.503,-0.616,0.074
2821436,7283.0,5091.0,-1910.0,0.602,0.508,-0.612,0.072
2821454,7073.0,4385.0,-1922.0,0.603,0.512,-0.608,0.07
2821472,6261.0,3681.0,-1492.0,0.604,0.515,-0.604,0.07
2821490,6183.0,4389.0,-1742.0,0.605,0.519,-0.6,0.069
2821508,6013.0,4353.0,-1814.0,0.607,0.521,-0.597,0.067
2821527,5679.0,3841.0,-1480.0,0.608,0.523,-0.594,0.067
2821534,5739.0,4123.0,-1726.0,0.609,0.525,-0.591,0.067
2821552,5359.0,4393.0,-1686.0,0.611,0.526,-0.588,0.068
2821571,5249.0,4021.0,-1382.0,0.613,0.526,-0.586,0.069
2821589,5371.0,4151.0,-1620.0,0.615,0.526,-0.583,0.071
2821607,5233.0,3819.0,-1524.0,0.617,0.526,-0.581,0.073
2821626,4847.0,3875.0,-1532.0,0.62,0.525,-0.578,0.076
2821646,4705.0,3393.0,-1472.0,0.623,0.524,-0.575,0.079
2821664,4377.0,3713.0,-1454.0,0.625,0.523,-0.573,0.084
2821683,4537.0,4199.0,-1760.0,0.628,0.521,-0.571,0.088
2821692,3843.0,3483.0,-1374.0,0.63,0.519,-0.57,0.093
2821711,3679.0,3707.0,-1254.0,0.632,0.517,-0.569,0.098
2821729,3431.0,3545.0,-1234.0,0.633,0.515,-0.569,0.102
2821748,3107.0,3449.0,-1334.0,0.633,0.514,-0.569,0.106
2821766,2689.0,2623.0,-922.0,0.633,0.513,-0.569,0.109
2821783,2351.0,3537.0,-836.0,0.633,0.513,-0.57,0.11
2821800,2623.0,2543.0,-964.0,0.632,0.512,-0.571,0.109
2821817,3183.0,757.0,-1320.0,0.632,0.513,-0.571,0.109
2821834,2669.0,2303.0,-908.0,0.631,0.516,-0.569,0.108
2821852,2559.0,3423.0,-906.0,0.63,0.518,-0.569,0.107
2821870,3153.0,2751.0,-1042.0,0.63,0.519,-0.569,0.104
2821888,3545.0,2607.0,-1270.0,0.629,0.52,-0.568,0.102
2821906,3787.0,2745.0,-1048.0,0.628,0.522,-0.568,0.1
2821924,4005.0,3555.0,-1416.0,0.627,0.524,-0.569,0.097
2821943,4637.0,4129.0,-1670.0,0.625,0.525,-0.57,0.094
2821964,5189.0,3563.0,-1864.0,0.624,0.525,-0.571,0.09
2821972,5049.0,3547.0,-1638.0,0.622,0.527,-0.572,0.088
2821989,5297.0,4059.0,-1540.0,0.62,0.528,-0.574,0.085
2822007,6081.0,5307.0,-2420.0,0.618,0.53,-0.575,0.083
2822026,6635.0,5765.0,-2368.0,0.616,0.53,-0.577,0.081
2822045,6577.0,4379.0,-2198.0,0.615,0.528,-0.58,0.079
2822062,5879.0,2721.0,-1566.0,0.613,0.529,-0.582,0.077
2822081,6373.0,5583.0,-1964.0,0.61,0.53,-0.584,0.076
2822099,7097.0,5979.0,-2774.0,0.608,0.529,-0.587,0.074
2822117,6547.0,4393.0,-2034.0,0.607,0.527,-0.59,0.073
2822135,6637.0,2883.0,-1770.0,0.605,0.526,-0.593,0.072
2822153,6535.0,3615.0,-2134.0,0.603,0.525,-0.596,0.072
2822170,6919.0,5283.0,-2682.0,0.601,0.524,-0.599,0.074
2822188,6249.0,5779.0,-2074.0,0.601,0.52,-0.602,0.073
2822206,6823.0,4277.0,-1650.0,0.602,0.514,-0.607,0.07
2822225,7615.0,2371.0,-2440.0,0.603,0.509,-0.611,0.07
2822234,7389.0,3277.0,-2716.0,0.602,0.506,-0.613,0.073
2822251,6655.0,4443.0,-1754.0,0.602,0.504,-0.615,0.076
2822269,6499.0,5675.0,-1682.0,0.604,0.5,-0.616,0.076
2822288,7043.0,5567.0,-2324.0,0.606,0.494,-0.619,0.075
2822307,7777.0,3691.0,-2296.0,0.609,0.487,-0.622,0.074
2822325,8025.0,2789.0,-2320.0,0.61,0.482,-0.624,0.077
2822343,7867.0,5777.0,-1960.0,0.611,0.479,-0.625,0.08
2822362,7433.0,5505.0,-1858.0,0.613,0.473,-0.628,0.079
2822381,7707.0,3671.0,-1962.0,0.615,0.466,-0.631,0.08
2822400,8741.0,3553.0,-2002.0,0.616,0.461,-0.633,0.081
2822408,9255.0,5317.0,-2336.0,0.617,0.456,-0.636,0.084
2822428,8575.0,4539.0,-1898.0,0.619,0.45,-0.638,0.086
2822448,8239.0,2901.0,-1446.0,0.621,0.443,-0.64,0.089
2822467,7435.0,3785.0,-1190.0,0.623,0.438,-0.642,0.092
2822485,8035.0,3723.0,-1246.0,0.624,0.432,-0.645,0.095
2822502,8319.0,3995.0,-1322.0,0.625,0.426,-0.647,0.098
2822519,8529.0,3241.0,-1658.0,0.626,0.418,-0.65,0.102
2822537,8419.0,2521.0,-1228.0,0.628,0.411,-0.652,0.108
2822555,8003.0,3025.0,-836.0,0.63,0.404,-0.653,0.113
2822572,8349.0,3129.0,-1164.0,0.632,0.397,-0.655,0.119
2822590,9187.0,3343.0,-1084.0,0.635,0.388,-0.656,0.126
2822608,10275.0,3143.0,-1364.0,0.638,0.379,-0.656,0.134
2822626,10935.0,2413.0,-1562.0,0.642,0.371,-0.656,0.142
2822646,11333.0,1563.0,-930.0,0.645,0.364,-0.655,0.15
2822655,11801.0,1749.0,-598.0,0.648,0.361,-0.652,0.157
2822672,11635.0,2077.0,-256.0,0.649,0.361,-0.65,0.161
2822689,11235.0,2009.0,236.0,0.649,0.365,-0.648,0.162
2822707,11391.0,3243.0,-22.0,0.647,0.371,-0.647,0.16
2822725,11715.0,3231.0,-490.0,0.644,0.377,-0.647,0.156
2822744,11569.0,2771.0,-784.0,0.641,0.384,-0.647,0.15
2822763,11857.0,3565.0,-1098.0,0.637,0.393,-0.647,0.145
2822781,11821.0,3657.0,-1424.0,0.633,0.401,-0.647,0.138
2822799,11717.0,3273.0,-1774.0,0.631,0.41,-0.646,0.131
2822817,11179.0,4053.0,-1464.0,0.628,0.419,-0.643,0.125
2822835,10553.0,4297.0,-1324.0,0.626,0.428,-0.641,0.117
2822852,10653.0,3191.0,-1850.0,0.624,0.437,-0.638,0.111
2822870,10081.0,3679.0,-1922.0,0.623,0.446,-0.634,0.105
2822887,9571.0,4569.0,-1824.0,0.622,0.455,-0.629,0.1
2822905,8999.0,4855.0,-1744.0,0.622,0.463,-0.624,0.095
2822922,8607.0,4099.0,-1720.0,0.622,0.47,-0.62,0.09
2822940,8217.0,3715.0,-1646.0,0.622,0.477,-0.615,0.086
2822958,8075.0,4897.0,-2256.0,0.621,0.484,-0.611,0.082
2822977,7355.0,4803.0,-1814.0,0.621,0.49,-0.607,0.079
2822986,6791.0,4145.0,-1736.0,0.621,0.495,-0.603,0.076
2823003,6455.0,4649.0,-1766.0,0.62,0.5,-0.6,0.073
2823020,5815.0,4021.0,-1572.0,0.62,0.503,-0.598,0.07
2823038,6063.0,3725.0,-1982.0,0.619,0.507,-0.597,0.069
2823056,5621.0,4311.0,-1686.0,0.618,0.509,-0.595,0.069
2823074,5525.0,4415.0,-1784.0,0.617,0.511,-0.594,0.07
2823092,5035.0,3653.0,-1502.0,0.617,0.511,-0.594,0.071
2823111,5437.0,3659.0,-1828.0,0.617,0.511,-0.594,0.073
2823129,5317.0,4507.0,-2026.0,0.617,0.511,-0.594,0.076
2823148,4687.0,3553.0,-1588.0,0.618,0.509,-0.594,0.079
2823166,4413.0,3175.0,-1654.0,0.619,0.508,-0.594,0.083
2823183,4261.0,3383.0,-1670.0,0.619,0.507,-0.593,0.087
2823201,3639.0,4147.0,-1442.0,0.62,0.505,-0.593,0.092
2823219,3309.0,3285.0,-1148.0,0.621,0.503,-0.594,0.095
2823236,3169.0,2457.0,-1054.0,0.622,0.501,-0.594,0.098
2823254,3245.0,2445.0,-1262.0,0.622,0.499,-0.594,0.102
2823272,3067.0,3003.0,-1342.0,0.623,0.498,-0.594,0.105
2823290,3067.0,3221.0,-1252.0,0.624,0.498,-0.593,0.109
2823308,3003.0,3669.0,-754.0,0.625,0.496,-0.593,0.109
2823326,2843.0,1831.0,-396.0,0.627,0.494,-0.593,0.108
2823335,3121.0,1355.0,-646.0,0.627,0.495,-0.592,0.107
2823353,3549.0,2757.0,-1062.0,0.626,0.496,-0.592,0.107
2823371,3071.0,3539.0,-276.0,0.625,0.498,-0.592,0.107
2823389,3713.0,4193.0,-894.0,0.625,0.497,-0.592,0.104
2823408,4141.0,1959.0,-796.0,0.626,0.496,-0.593,0.101
2823425,4167.0,793.0,-586.0,0.625,0.497,-0.593,0.098
2823444,3753.0,3017.0,-558.0,0.623,0.501,-0.593,0.098
2823463,4269.0,4393.0,-630.0,0.62,0.503,-0.594,0.097
2823481,5117.0,4251.0,-1480.0,0.619,0.504,-0.595,0.095
2823500,5663.0,2453.0,-1568.0,0.618,0.504,-0.596,0.092
2823519,5277.0,3063.0,-1040.0,0.617,0.506,-0.596,0.09
2823528,5181.0,3905.0,-1384.0,0.616,0.507,-0.596,0.088
2823546,6101.0,3363.0,-1688.0,0.615,0.51,-0.596,0.087
2823566,6301.0,5217.0,-2100.0,0.613,0.512,-0.596,0.087
2823584,6561.0,5477.0,-2594.0,0.613,0.512,-0.596,0.086
2823601,5749.0,3431.0,-1342.0,0.613,0.511,-0.597,0.084
2823619,6967.0,3877.0,-1184.0,0.612,0.511,-0.598,0.083
2823636,6925.0,3203.0,-2402.0,0.61,0.511,-0.6,0.083
2823654,6349.0,4677.0,-3014.0,0.609,0.512,-0.6,0.084
2823673,6957.0,5225.0,-1600.0,0.608,0.512,-0.6,0.085
2823692,6931.0,4823.0,-1978.0,0.608,0.511,-0.602,0.085
2823710,6723.0,3831.0,-2456.0,0.608,0.509,-0.604,0.086
2823728,6173.0,2887.0,-2154.0,0.607,0.507,-0.606,0.088
2823738,7591.0,5055.0,-1880.0,0.605,0.507,-0.607,0.09
2823756,7015.0,5763.0,-2424.0,0.606,0.503,-0.61,0.09
2823774,7303.0,3625.0,-2722.0,0.606,0.499,-0.613,0.093
2823791,7387.0,2609.0,-2040.0,0.605,0.497,-0.615,0.097
2823809,7445.0,4455.0,-1564.0,0.603,0.496,-0.617,0.101
2823827,7167.0,5833.0,-1982.0,0.603,0.492,-0.62,0.103
2823846,7827.0,4573.0,-2678.0,0.604,0.487,-0.623,0.103
2823864,7669.0,2805.0,-2368.0,0.603,0.482,-0.627,0.107
2823882,8557.0,4023.0,-2344.0,0.603,0.478,-0.629,0.111
2823900,8157.0,4991.0,-2016.0,0.603,0.474,-0.631,0.115
2823919,7325.0,4299.0,-1690.0,0.605,0.468,-0.634,0.115
2823937,7451.0,2849.0,-1862.0,0.606,0.462,-0.637,0.117
2823956,8141.0,3299.0,-2392.0,0.606,0.457,-0.64,0.12
2823965,9559.0,4663.0,-2790.0,0.606,0.453,-0.642,0.124
2823983,8245.0,4051.0,-1490.0,0.607,0.447,-0.644,0.128
2824002,7621.0,3145.0,-1224.0,0.609,0.441,-0.646,0.13
2824021,7475.0,2671.0,-1406.0,0.611,0.434,-0.649,0.132
2824039,7505.0,3013.0,-1962.0,0.612,0.428,-0.651,0.135
2824056,9331.0,3945.0,-2372.0,0.614,0.422,-0.653,0.139
2824073,9159.0,3449.0,-1946.0,0.616,0.415,-0.655,0.144
2824091,8723.0,1445.0,-1450.0,0.619,0.407,-0.655,0.149
2824109,8773.0,1283.0,-1516.0,0.623,0.401,-0.654,0.152
2824127,9569.0,2489.0,-1538.0,0.628,0.396,-0.652,0.157
2824145,10705.0,4625.0,-1254.0,0.632,0.391,-0.649,0.162
2824165,10547.0,2987.0,-1322.0,0.636,0.385,-0.647,0.167
2824174,10959.0,1323.0,-1026.0,0.64,0.38,-0.645,0.172
2824192,11049.0,1803.0,-448.0,0.643,0.378,-0.643,0.175
2824210,11299.0,2791.0,-10.0,0.644,0.377,-0.642,0.177
2824228,11245.0,2315.0,10.0,0.644,0.377,-0.642,0.176
2824247,10903.0,2019.0,-90.0,0.643,0.378,-0.643,0.173
2824266,11083.0,2167.0,-242.0,0.641,0.381,-0.644,0.168
2824283,11205.0,2401.0,-682.0,0.638,0.386,-0.646,0.162
2824301,11425.0,2965.0,-908.0,0.635,0.39,-0.648,0.156
2824320,11117.0,2899.0,-1012.0,0.632,0.395,-0.65,0.148
2824339,11279.0,3133.0,-1700.0,0.629,0.4,-0.651,0.141
2824357,11293.0,3307.0,-1810.0,0.627,0.405,-0.652,0.134
2824367,10289.0,2473.0,-1304.0,0.625,0.411,-0.651,0.127
2824385,10599.0,2867.0,-1696.0,0.623,0.418,-0.65,0.12
2824403,10521.0,3089.0,-2004.0,0.622,0.426,-0.647,0.114
2824423,10043.0,4081.0,-2106.0,0.62,0.435,-0.644,0.109
2824442,10035.0,4083.0,-1894.0,0.62,0.443,-0.64,0.103
2824461,9145.0,4005.0,-1668.0,0.619,0.45,-0.636,0.098
2824480,8723.0,4075.0,-1398.0,0.618,0.458,-0.633,0.092
2824488,8595.0,4413.0,-1792.0,0.617,0.465,-0.629,0.087
2824506,8367.0,4509.0,-2098.0,0.616,0.472,-0.626,0.081
2824525,7363.0,4195.0,-1602.0,0.615,0.477,-0.623,0.075
2824542,6961.0,4149.0,-1758.0,0.614,0.483,-0.621,0.07
2824560,6787.0,3627.0,-1980.0,0.613,0.487,-0.619,0.066
2824578,6877.0,3955.0,-1998.0,0.611,0.493,-0.617,0.063
2824597,6967.0,3997.0,-2178.0,0.608,0.497,-0.615,0.063
2824614,6619.0,4991.0,-1942.0,0.607,0.501,-0.614,0.062
2824633,6631.0,3885.0,-1864.0,0.606,0.503,-0.613,0.061
2824651,6655.0,3545.0,-2298.0,0.606,0.505,-0.612,0.06
2824669,6401.0,4157.0,-1882.0,0.606,0.507,-0.61,0.061
2824688,5595.0,3917.0,-1850.0,0.605,0.508,-0.609,0.063
2824706,5655.0,4793.0,-2248.0,0.606,0.509,-0.608,0.064
2824724,5007.0,4215.0,-1516.0,0.608,0.507,-0.607,0.066
2824734,5071.0,3489.0,-2070.0,0.61,0.506,-0.606,0.069
2824751,4783.0,3289.0,-2114.0,0.611,0.505,-0.605,0.074
2824770,4487.0,3863.0,-1804.0,0.612,0.505,-0.603,0.08
2824789,3949.0,4789.0,-1616.0,0.615,0.503,-0.601,0.084
2824808,3591.0,3153.0,-904.0,0.618,0.5,-0.601,0.086
2824827,3563.0,2567.0,-1400.0,0.621,0.497,-0.6,0.088
2824844,3399.0,2275.0,-1522.0,0.623,0.495,-0.598,0.09
2824861,3169.0,3671.0,-1360.0,0.626,0.494,-0.596,0.093
2824878,2695.0,3327.0,-488.0,0.628,0.492,-0.595,0.093
2824895,2689.0,1979.0,-124.0,0.63,0.49,-0.596,0.093
2824913,2507.0,1293.0,32.0,0.63,0.489,-0.597,0.091
2824931,2613.0,2995.0,-196.0,0.629,0.489,-0.598,0.089
2824948,3471.0,2659.0,-964.0,0.628,0.487,-0.601,0.086
2824965,3161.0,1823.0,-288.0,0.627,0.486,-0.603,0.083
2824983,2827.0,2459.0,34.0,0.624,0.486,-0.606,0.081
2825001,3397.0,2551.0,-466.0,0.622,0.486,-0.609,0.078
2825019,4135.0,2319.0,-1046.0,0.62,0.485,-0.612,0.074
2825037,4485.0,2295.0,-1678.0,0.617,0.486,-0.615,0.071
2825055,4279.0,2409.0,-1294.0,0.615,0.488,-0.616,0.071
2825072,4337.0,3459.0,-824.0,0.612,0.49,-0.617,0.071
2825090,5149.0,4383.0,-1460.0,0.61,0.491,-0.618,0.069
2825108,5797.0,3917.0,-2008.0,0.609,0.492,-0.619,0.066
2825127,5811.0,1995.0,-1694.0,0.607,0.492,-0.62,0.065
2825136,5655.0,3607.0,-1442.0,0.604,0.495,-0.62,0.066
2825154,6451.0,6533.0,-2210.0,0.602,0.497,-0.621,0.067
2825172,6551.0,5301.0,-2356.0,0.603,0.495,-0.623,0.064
2825190,6385.0,1877.0,-2124.0,0.603,0.493,-0.624,0.063
2825208,6643.0,1313.0,-1610.0,0.602,0.495,-0.624,0.065
2825227,7273.0,6281.0,-2218.0,0.599,0.498,-0.624,0.068
2825246,7155.0,7873.0,-3068.0,0.598,0.496,-0.626,0.07
2825266,6495.0,3473.0,-2288.0,0.599,0.492,-0.628,0.071
2825274,6673.0,747.0,-1336.0,0.599,0.49,-0.63,0.073
2825292,7807.0,2961.0,-2232.0,0.597,0.49,-0.631,0.077
2825310,7787.0,9445.0,-3678.0,0.596,0.49,-0.632,0.081
2825328,6947.0,5651.0,-2502.0,0.598,0.483,-0.634,0.083
2825347,6633.0,1589.0,-1086.0,0.599,0.478,-0.636,0.085
2825365,8033.0,1823.0,-1080.0,0.599,0.475,-0.639,0.089
2825383,7579.0,4179.0,-2796.0,0.598,0.473,-0.641,0.092
2825401,8295.0,6441.0,-3734.0,0.598,0.47,-0.642,0.097
2825420,7107.0,4455.0,-2052.0,0.599,0.465,-0.644,0.102
2825437,8091.0,3787.0,-766.0,0.6,0.46,-0.646,0.108
2825455,8117.0,3037.0,-1846.0,0.601,0.454,-0.648,0.112
2825473,8113.0,1685.0,-2668.0,0.602,0.448,-0.65,0.115
2825491,7483.0,2637.0,-2306.0,0.604,0.445,-0.651,0.119
2825509,8971.0,5623.0,-1800.0,0.604,0.442,-0.652,0.126
2825528,8953.0,5203.0,-2594.0,0.604,0.436,-0.654,0.132
2825537,8177.0,3099.0,-1742.0,0.607,0.428,-0.656,0.136
2825555,8089.0,889.0,-1326.0,0.609,0.421,-0.658,0.138
2825573,7719.0,1189.0,-1278.0,0.611,0.416,-0.659,0.141
2825591,8357.0,2915.0,-1498.0,0.611,0.412,-0.66,0.146
2825609,8903.0,4209.0,-2644.0,0.612,0.407,-0.661,0.153
2825627,8783.0,3595.0,-2818.0,0.614,0.4,-0.661,0.16
2825644,7881.0,1759.0,-1028.0,0.617,0.392,-0.662,0.167
2825663,7861.0,1481.0,-270.0,0.62,0.383,-0.663,0.173
2825682,9243.0,2863.0,-1088.0,0.622,0.375,-0.664,0.178
2825700,10023.0,4193.0,-1544.0,0.624,0.365,-0.666,0.183
2825719,10469.0,3157.0,-1834.0,0.626,0.353,-0.669,0.187
2825736,11223.0,1349.0,-1556.0,0.629,0.341,-0.672,0.19
2825754,12241.0,961.0,-1084.0,0.632,0.332,-0.673,0.192
2825773,12407.0,727.0,-972.0,0.635,0.326,-0.674,0.192
2825782,11995.0,-661.0,-788.0,0.636,0.325,-0.673,0.191
2825800,11829.0,541.0,-452.0,0.637,0.328,-0.672,0.189
2825818,11701.0,1709.0,-312.0,0.635,0.334,-0.671,0.186
2825836,11753.0,2081.0,-666.0,0.633,0.342,-0.67,0.181
2825854,12115.0,2583.0,-1048.0,0.631,0.35,-0.67,0.175
2825872,12163.0,3039.0,-1340.0,0.628,0.357,-0.671,0.167
2825891,12057.0,2909.0,-1432.0,0.627,0.362,-0.671,0.157
2825910,12643.0,1425.0,-1664.0,0.626,0.369,-0.671,0.146
2825928,12423.0,2517.0,-2042.0,0.625,0.378,-0.669,0.136
2825947,11695.0,3295.0,-1856.0,0.625,0.387,-0.667,0.126
2825955,11611.0,2091.0,-1696.0,0.624,0.397,-0.663,0.117
2825973,10699.0,2345.0,-1762.0,0.622,0.409,-0.659,0.11
2825992,10105.0,3569.0,-1634.0,0.62,0.421,-0.654,0.104
2826011,9777.0,4945.0,-1800.0,0.617,0.432,-0.65,0.098
2826030,9065.0,3193.0,-1708.0,0.615,0.441,-0.647,0.092
2826049,8697.0,2347.0,-1980.0,0.612,0.451,-0.643,0.088
2826067,8571.0,3995.0,-2094.0,0.609,0.461,-0.64,0.086
2826086,7655.0,4879.0,-2136.0,0.606,0.468,-0.637,0.083
2826103,7257.0,3113.0,-2160.0,0.604,0.475,-0.635,0.081
2826122,6367.0,2135.0,-1676.0,0.602,0.481,-0.632,0.081
2826131,6121.0,4217.0,-2046.0,0.599,0.488,-0.63,0.083
2826149,5839.0,4173.0,-1874.0,0.597,0.493,-0.628,0.084
2826168,6229.0,2287.0,-1664.0,0.595,0.496,-0.626,0.087
2826187,6281.0,2537.0,-2282.0,0.593,0.5,-0.624,0.093
2826206,5277.0,4747.0,-2174.0,0.592,0.504,-0.621,0.1
2826224,4277.0,4179.0,-1358.0,0.592,0.504,-0.62,0.106
2826242,3701.0,2955.0,-892.0,0.593,0.503,-0.618,0.111
2826261,3737.0,1327.0,-1238.0,0.594,0.503,-0.617,0.116
2826280,3261.0,2329.0,-1312.0,0.593,0.504,-0.615,0.124
2826289,2777.0,3991.0,-1632.0,0.593,0.506,-0.612,0.132
2826307,2379.0,1891.0,-1268.0,0.595,0.505,-0.609,0.139
2826325,1525.0,2017.0,-282.0,0.597,0.507,-0.605,0.143
2826343,1047.0,3195.0,546.0,0.598,0.508,-0.602,0.146
2826361,1289.0,3227.0,-308.0,0.601,0.507,-0.601,0.145
2826381,2525.0,331.0,-1266.0,0.603,0.508,-0.599,0.143
2826400,1845.0,1575.0,-204.0,0.603,0.511,-0.597,0.142
2826419,1135.0,3333.0,448.0,0.601,0.513,-0.597,0.139
2826428,2145.0,3483.0,-690.0,0.6,0.513,-0.599,0.134
2826446,3343.0,1029.0,-1558.0,0.599,0.513,-0.601,0.129
2826465,3733.0,569.0,-1496.0,0.597,0.515,-0.602,0.127
2826484,3635.0,2017.0,-1088.0,0.594,0.518,-0.603,0.125
2826502,3905.0,3239.0,-1330.0,0.591,0.521,-0.603,0.123
2826520,4809.0,4421.0,-2046.0,0.589,0.522,-0.604,0.121
2826539,5075.0,3063.0,-1652.0,0.589,0.522,-0.606,0.118
2826557,6047.0,3425.0,-2240.0,0.588,0.522,-0.607,0.115
2826576,6215.0,3595.0,-2106.0,0.588,0.522,-0.608,0.112
2826594,6629.0,3105.0,-2528.0,0.588,0.521,-0.609,0.11
2826603,6941.0,4843.0,-3014.0,0.588,0.522,-0.609,0.108
2826620,6437.0,4281.0,-2324.0,0.589,0.52,-0.61,0.105
2826639,6827.0,2511.0,-2478.0,0.59,0.518,-0.61,0.104
2826657,7059.0,4745.0,-3366.0,0.591,0.518,-0.61,0.104
2826674,6947.0,5649.0,-2308.0,0.594,0.515,-0.61,0.103
2826691,7091.0,3283.0,-2292.0,0.596,0.511,-0.612,0.102
2826708,7227.0,2359.0,-2004.0,0.597,0.508,-0.613,0.103
2826726,7281.0,5953.0,-2716.0,0.597,0.506,-0.614,0.105
2826744,7769.0,5247.0,-2588.0,0.599,0.501,-0.616,0.105
2826762,7771.0,2997.0,-2322.0,0.601,0.496,-0.618,0.105
2826781,7259.0,2609.0,-1954.0,0.601,0.493,-0.62,0.107
2826800,7057.0,4079.0,-1728.0,0.601,0.491,-0.622,0.109
2826819,7753.0,4335.0,-2138.0,0.6,0.488,-0.624,0.111
2826838,8503.0,5251.0,-3404.0,0.601,0.483,-0.627,0.113
2826857,7783.0,3587.0,-2166.0,0.602,0.478,-0.629,0.115
2826866,7685.0,2565.0,-1356.0,0.602,0.474,-0.632,0.118
2826884,7239.0,3007.0,-1928.0,0.601,0.471,-0.634,0.12
2826902,7157.0,4045.0,-1842.0,0.6,0.468,-0.637,0.122
2826920,8285.0,5275.0,-2524.0,0.601,0.463,-0.64,0.123
2826938,8997.0,4399.0,-2902.0,0.602,0.457,-0.643,0.125
2826956,7501.0,2257.0,-1538.0,0.603,0.451,-0.645,0.127
2826974,7063.0,1585.0,-972.0,0.603,0.448,-0.647,0.129
2826992,6769.0,3563.0,-1548.0,0.602,0.445,-0.649,0.13
2827011,8205.0,5417.0,-2642.0,0.602,0.441,-0.652,0.132
2827030,8539.0,7339.0,-2914.0,0.605,0.433,-0.654,0.132
2827048,8121.0,3939.0,-2056.0,0.611,0.422,-0.657,0.129
2827057,7691.0,-587.0,-1130.0,0.617,0.412,-0.659,0.126
2827075,7343.0,471.0,-1170.0,0.62,0.408,-0.658,0.125
2827094,6809.0,3637.0,-1402.0,0.622,0.406,-0.657,0.126
2827113,7439.0,5197.0,-1904.0,0.624,0.402,-0.657,0.128
2827131,8129.0,3615.0,-1880.0,0.628,0.395,-0.658,0.131
2827149,8181.0,1657.0,-1156.0,0.631,0.387,-0.658,0.135
2827168,8173.0,2819.0,-822.0,0.634,0.381,-0.659,0.139
2827187,9017.0,3631.0,-926.0,0.636,0.373,-0.66,0.143
2827205,8915.0,3019.0,-872.0,0.639,0.365,-0.661,0.146
2827223,9077.0,3491.0,-700.0,0.64,0.357,-0.663,0.15
2827232,9443.0,2901.0,-882.0,0.643,0.348,-0.666,0.15
2827250,9651.0,969.0,-956.0,0.645,0.34,-0.668,0.15
2827268,9987.0,1141.0,-474.0,0.647,0.335,-0.668,0.15
2827287,9727.0,2429.0,-550.0,0.648,0.332,-0.669,0.149
2827306,10365.0,2041.0,-774.0,0.649,0.329,-0.67,0.148
2827324,10925.0,1907.0,-862.0,0.65,0.327,-0.671,0.146
2827343,10853.0,1603.0,-578.0,0.65,0.326,-0.671,0.143
2827362,11133.0,1967.0,-488.0,0.65,0.326,-0.672,0.141
2827380,11051.0,2251.0,-656.0,0.65,0.328,-0.672,0.136
2827388,11257.0,1615.0,-534.0,0.649,0.331,-0.672,0.131
2827407,11913.0,2319.0,-832.0,0.648,0.336,-0.672,0.124
2827424,11967.0,2607.0,-786.0,0.646,0.342,-0.672,0.117
2827443,11969.0,2051.0,-884.0,0.644,0.349,-0.672,0.109
2827462,12175.0,2643.0,-1114.0,0.642,0.357,-0.671,0.101
2827481,12175.0,3321.0,-1026.0,0.64,0.365,-0.669,0.094
2827500,11479.0,3321.0,-940.0,0.638,0.372,-0.668,0.085
2827518,11467.0,3629.0,-1146.0,0.636,0.38,-0.667,0.077
2827535,10973.0,3495.0,-1162.0,0.634,0.387,-0.666,0.069
2827552,11047.0,2989.0,-1530.0,0.632,0.394,-0.664,0.061
2827570,10789.0,3839.0,-1476.0,0.631,0.402,-0.661,0.054
2827588,9741.0,4041.0,-1258.0,0.629,0.41,-0.658,0.047
2827611,9183.0,2273.0,-1426.0,0.628,0.418,-0.655,0.04
2827621,9411.0,3205.0,-1412.0,0.626,0.427,-0.651,0.035
2827638,8059.0,5233.0,-1812.0,0.625,0.436,-0.647,0.031
2827655,8289.0,3793.0,-1672.0,0.624,0.443,-0.643,0.027
2827677,8263.0,5235.0,-1818.0,0.623,0.45,-0.639,0.023
2827686,7809.0,4269.0,-1926.0,0.624,0.455,-0.635,0.02
2827704,7315.0,2449.0,-1546.0,0.625,0.46,-0.631,0.018
2827721,7401.0,4459.0,-1784.0,0.624,0.467,-0.626,0.017
2827739,6807.0,5173.0,-1926.0,0.625,0.472,-0.621,0.017
2827757,7081.0,4459.0,-2172.0,0.626,0.476,-0.617,0.018
2827774,6237.0,3517.0,-1324.0,0.627,0.48,-0.613,0.019
2827793,6021.0,3497.0,-1660.0,0.628,0.484,-0.609,0.021
2827812,5593.0,4111.0,-1608.0,0.628,0.488,-0.606,0.025
2827831,5521.0,4543.0,-1628.0,0.629,0.49,-0.603,0.03
2827850,5269.0,4297.0,-1728.0,0.63,0.491,-0.601,0.036
2827869,4987.0,3669.0,-1640.0,0.632,0.491,-0.598,0.043
2827888,4505.0,3405.0,-1278.0,0.634,0.491,-0.596,0.05
2827897,3831.0,3773.0,-1310.0,0.637,0.49,-0.593,0.058
2827915,3889.0,3697.0,-1576.0,0.64,0.488,-0.59,0.066
2827933,2985.0,3149.0,-1226.0,0.644,0.486,-0.587,0.074
2827952,2755.0,2175.0,-1332.0,0.647,0.484,-0.583,0.082
2827970,2263.0,3079.0,-980.0,0.65,0.484,-0.579,0.092
2827988,1427.0,3979.0,-628.0,0.652,0.483,-0.576,0.1
2828007,1325.0,2859.0,-564.0,0.655,0.481,-0.573,0.106
2828025,1085.0,3149.0,-202.0,0.656,0.48,-0.572,0.11
2828044,1563.0,2609.0,-550.0,0.658,0.478,-0.571,0.112
2828054,1775.0,2321.0,-278.0,0.658,0.478,-0.571,0.113
2828071,2449.0,2559.0,-834.0,0.658,0.478,-0.571,0.114
2828090,2963.0,1803.0,-908.0,0.657,0.48,-0.57,0.115
2828109,3055.0,2935.0,-572.0,0.655,0.482,-0.57,0.115
2828127,3201.0,3513.0,-330.0,0.653,0.484,-0.571,0.114
2828145,3825.0,2539.0,-602.0,0.651,0.485,-0.573,0.112
2828164,4395.0,3735.0,-954.0,0.648,0.487,-0.575,0.11
2828183,4517.0,3459.0,-868.0,0.645,0.488,-0.578,0.109
2828201,4921.0,3025.0,-1148.0,0.641,0.489,-0.581,0.108
2828220,5355.0,3335.0,-1114.0,0.638,0.491,-0.583,0.106
2828228,5849.0,4501.0,-1446.0,0.635,0.493,-0.586,0.104
2828246,5701.0,3967.0,-1404.0,0.632,0.493,-0.589,0.103
2828265,5853.0,3711.0,-1726.0,0.629,0.494,-0.591,0.101
2828283,6121.0,2889.0,-1820.0,0.626,0.496,-0.593,0.1
2828302,6129.0,4181.0,-2020.0,0.623,0.497,-0.595,0.1
2828321,6049.0,4225.0,-2030.0,0.62,0.499,-0.597,0.099
2828339,5559.0,4293.0,-1846.0,0.618,0.499,-0.6,0.099
2828357,6659.0,3607.0,-2142.0,0.615,0.499,-0.603,0.099
2828376,6799.0,4143.0,-2290.0,0.612,0.499,-0.605,0.1
2828383,6707.0,5459.0,-1968.0,0.609,0.498,-0.609,0.1
2828401,5757.0,2883.0,-1384.0,0.606,0.496,-0.613,0.1
2828420,7475.0,2723.0,-2258.0,0.602,0.496,-0.618,0.1
2828438,7393.0,5183.0,-3168.0,0.598,0.496,-0.621,0.101
2828458,8217.0,6677.0,-2768.0,0.596,0.492,-0.626,0.103
2828477,7383.0,1717.0,-1990.0,0.595,0.488,-0.63,0.105
2828496,7371.0,2019.0,-2172.0,0.592,0.487,-0.634,0.107
2828515,7183.0,4133.0,-2314.0,0.589,0.486,-0.637,0.108
2828534,8635.0,6257.0,-3302.0,0.587,0.483,-0.64,0.11
2828543,8087.0,5851.0,-2552.0,0.586,0.477,-0.645,0.112
2828561,7413.0,1831.0,-1618.0,0.586,0.471,-0.65,0.113
2828579,7325.0,2223.0,-2000.0,0.584,0.467,-0.654,0.113
2828597,7769.0,3305.0,-2022.0,0.583,0.463,-0.658,0.115
2828616,7941.0,4565.0,-2636.0,0.582,0.458,-0.662,0.117
2828634,9397.0,5207.0,-3046.0,0.582,0.451,-0.665,0.122
2828653,9171.0,3267.0,-2104.0,0.584,0.442,-0.669,0.126
2828671,8939.0,2301.0,-2222.0,0.587,0.434,-0.671,0.128
2828690,9193.0,1463.0,-2536.0,0.591,0.427,-0.672,0.131
2828709,8907.0,2467.0,-2264.0,0.594,0.422,-0.671,0.137
2828718,8451.0,4101.0,-1992.0,0.597,0.417,-0.671,0.143
2828735,8651.0,4135.0,-1720.0,0.6,0.409,-0.671,0.149
2828753,8753.0,3095.0,-1666.0,0.603,0.399,-0.673,0.154
2828771,8893.0,2327.0,-1368.0,0.606,0.39,-0.675,0.158
2828790,8835.0,2427.0,-1180.0,0.608,0.38,-0.678,0.162
2828808,9045.0,2849.0,-1128.0,0.61,0.371,-0.681,0.166
2828826,10095.0,3219.0,-1176.0,0.611,0.362,-0.684,0.167
2828845,11245.0,3343.0,-1186.0,0.613,0.352,-0.687,0.168
2828864,11353.0,1145.0,-1738.0,0.615,0.344,-0.69,0.166
2828883,11657.0,-177.0,-1176.0,0.617,0.34,-0.69,0.165
2828891,11975.0,1313.0,-864.0,0.618,0.341,-0.689,0.164
2828908,11333.0,1405.0,-494.0,0.618,0.345,-0.688,0.161
2828926,11295.0,1949.0,-618.0,0.618,0.349,-0.687,0.158
2828944,11011.0,2707.0,-868.0,0.616,0.354,-0.686,0.154
2828962,10761.0,2981.0,-900.0,0.615,0.357,-0.687,0.148
2828981,11031.0,1715.0,-1412.0,0.614,0.36,-0.688,0.142
2829000,11331.0,1175.0,-1250.0,0.613,0.365,-0.688,0.135
2829019,11249.0,1659.0,-1538.0,0.612,0.371,-0.687,0.128
2829037,11151.0,2071.0,-1694.0,0.612,0.378,-0.684,0.122
2829055,10937.0,2515.0,-1198.0,0.611,0.385,-0.682,0.115
2829072,10749.0,2071.0,-1348.0,0.611,0.393,-0.679,0.109
2829089,10503.0,2779.0,-1750.0,0.61,0.402,-0.675,0.102
2829106,10571.0,2789.0,-1854.0,0.61,0.41,-0.671,0.096
2829123,10077.0,3137.0,-1708.0,0.609,0.419,-0.668,0.089
2829140,10321.0,4023.0,-1942.0,0.607,0.429,-0.664,0.083
2829158,10517.0,3335.0,-2222.0,0.606,0.437,-0.66,0.076
2829176,10499.0,3233.0,-2526.0,0.604,0.447,-0.656,0.07
2829194,10029.0,4013.0,-2672.0,0.603,0.457,-0.65,0.066
2829213,9331.0,4359.0,-2722.0,0.602,0.466,-0.645,0.063
2829233,8247.0,3715.0,-2254.0,0.601,0.475,-0.64,0.061
2829242,8023.0,5237.0,-2582.0,0.6,0.484,-0.635,0.059
2829259,7085.0,3721.0,-2124.0,0.599,0.491,-0.63,0.058
2829277,7159.0,4589.0,-2542.0,0.597,0.498,-0.626,0.059
2829295,7013.0,4089.0,-2322.0,0.596,0.505,-0.622,0.06
2829315,6731.0,4763.0,-2490.0,0.594,0.511,-0.618,0.063
2829333,6505.0,4293.0,-2030.0,0.593,0.515,-0.615,0.067
2829351,6543.0,4615.0,-2558.0,0.592,0.52,-0.611,0.072
2829369,6343.0,4213.0,-2274.0,0.592,0.523,-0.608,0.078
2829387,5571.0,3999.0,-2058.0,0.592,0.526,-0.604,0.086
2829405,5527.0,4357.0,-2440.0,0.594,0.528,-0.6,0.094
2829424,4957.0,3597.0,-1980.0,0.596,0.528,-0.596,0.102
2829443,4481.0,3297.0,-1738.0,0.598,0.529,-0.592,0.11
2829452,4273.0,3599.0,-1780.0,0.601,0.529,-0.587,0.119
2829470,3765.0,2747.0,-1650.0,0.605,0.528,-0.581,0.128
2829488,3343.0,3259.0,-1434.0,0.611,0.528,-0.574,0.137
2829507,1965.0,2991.0,-1336.0,0.618,0.527,-0.566,0.143
2829525,1401.0,3023.0,-1176.0,0.625,0.526,-0.558,0.148
2829544,945.0,1707.0,-1002.0,0.631,0.526,-0.55,0.153
2829563,567.0,3709.0,-1024.0,0.637,0.526,-0.542,0.156
2829582,321.0,2503.0,-466.0,0.641,0.526,-0.537,0.157
2829600,455.0,1553.0,-200.0,0.645,0.526,-0.533,0.155
2829614,811.0,2275.0,-66.0,0.646,0.528,-0.53,0.153
2829632,1841.0,2051.0,-586.0,0.647,0.529,-0.528,0.149
2829650,2113.0,1743.0,-660.0,0.647,0.531,-0.528,0.144
2829668,2323.0,2965.0,-566.0,0.646,0.533,-0.528,0.14
2829686,2917.0,2877.0,-566.0,0.644,0.535,-0.53,0.134
2829705,3235.0,2535.0,-932.0,0.642,0.536,-0.533,0.128
2829713,2853.0,2807.0,-616.0,0.64,0.536,-0.537,0.122
2829731,3201.0,2609.0,-796.0,0.637,0.537,-0.541,0.117
2829750,3403.0,3709.0,-1480.0,0.633,0.537,-0.546,0.111
2829768,4677.0,3219.0,-1918.0,0.63,0.537,-0.551,0.106
2829786,5135.0,2815.0,-2224.0,0.627,0.537,-0.555,0.101
2829802,4955.0,4473.0,-2056.0,0.624,0.537,-0.559,0.097
2829819,5187.0,4463.0,-1970.0,0.621,0.537,-0.563,0.093
2829835,6059.0,2629.0,-2272.0,0.617,0.537,-0.567,0.089
2829852,7033.0,7823.0,-3688.0,0.614,0.538,-0.571,0.087
2829870,7207.0,5117.0,-2544.0,0.613,0.535,-0.575,0.085
2829888,6393.0,3027.0,-1754.0,0.61,0.534,-0.58,0.083
2829906,8003.0,6185.0,-3416.0,0.605,0.535,-0.584,0.081
2829922,7495.0,5789.0,-2922.0,0.602,0.534,-0.588,0.08
2829939,6987.0,4855.0,-2486.0,0.599,0.532,-0.593,0.079
2829957,7519.0,6215.0,-3110.0,0.595,0.531,-0.598,0.078
2829975,7429.0,4947.0,-3034.0,0.592,0.529,-0.604,0.077
2829992,6767.0,4437.0,-1984.0,0.588,0.527,-0.609,0.076
2830010,7513.0,5655.0,-3068.0,0.584,0.526,-0.614,0.075
2830028,6859.0,4803.0,-2668.0,0.581,0.523,-0.619,0.075
2830048,7511.0,4647.0,-2844.0,0.578,0.52,-0.624,0.076
2830066,7395.0,3869.0,-2246.0,0.577,0.518,-0.628,0.076
2830084,6957.0,5269.0,-2274.0,0.575,0.514,-0.632,0.076
2830102,7735.0,4923.0,-2890.0,0.574,0.51,-0.637,0.077
2830120,7247.0,4227.0,-2436.0,0.573,0.504,-0.641,0.078
2830138,7771.0,3123.0,-2424.0,0.573,0.5,-0.645,0.078
2830156,7173.0,5111.0,-2152.0,0.573,0.496,-0.648,0.077
2830174,7961.0,4049.0,-2362.0,0.574,0.491,-0.651,0.077
2830192,7429.0,4005.0,-2518.0,0.574,0.485,-0.655,0.078
2830211,8507.0,4477.0,-2656.0,0.575,0.479,-0.658,0.079
2830222,8241.0,3925.0,-2258.0,0.577,0.473,-0.661,0.08
2830239,8011.0,3729.0,-1912.0,0.579,0.466,-0.664,0.081
2830258,7987.0,3605.0,-2472.0,0.581,0.459,-0.667,0.082
2830276,7557.0,3415.0,-2178.0,0.584,0.451,-0.67,0.085
2830295,8019.0,4581.0,-2022.0,0.586,0.443,-0.673,0.088
2830312,8527.0,5069.0,-1964.0,0.588,0.432,-0.678,0.09
2830331,8847.0,4737.0,-1612.0,0.591,0.418,-0.684,0.09
2830350,9667.0,3343.0,-2000.0,0.595,0.403,-0.69,0.087
2830374,10231.0,2359.0,-2132.0,0.599,0.39,-0.694,0.085
2830382,10851.0,2993.0,-2536.0,0.605,0.378,-0.696,0.085
2830400,10687.0,2319.0,-2090.0,0.612,0.367,-0.696,0.085
2830418,10793.0,2275.0,-1864.0,0.618,0.358,-0.694,0.086
2830437,10459.0,2245.0,-1602.0,0.625,0.351,-0.692,0.086
2830457,9915.0,1953.0,-1100.0,0.63,0.345,-0.69,0.086
2830466,9781.0,2355.0,-1092.0,0.634,0.341,-0.689,0.084
2830484,9701.0,2593.0,-920.0,0.636,0.338,-0.689,0.08
2830503,9551.0,2529.0,-974.0,0.638,0.334,-0.69,0.075
2830521,10085.0,2017.0,-1416.0,0.639,0.331,-0.691,0.069
2830539,10505.0,1821.0,-1156.0,0.638,0.329,-0.693,0.063
2830556,11173.0,2119.0,-1668.0,0.638,0.329,-0.694,0.057
2830575,11505.0,1369.0,-1766.0,0.637,0.33,-0.695,0.052
2830594,11487.0,1457.0,-1836.0,0.636,0.335,-0.694,0.048
2830613,11671.0,3325.0,-1680.0,0.635,0.34,-0.692,0.044
2830621,12193.0,3169.0,-1822.0,0.634,0.346,-0.69,0.041
2830639,11645.0,2343.0,-1610.0,0.633,0.352,-0.688,0.038
2830657,11143.0,2281.0,-1616.0,0.631,0.361,-0.686,0.036
2830675,11161.0,3755.0,-1924.0,0.628,0.37,-0.684,0.034
2830693,10655.0,3285.0,-2032.0,0.626,0.379,-0.681,0.031
2830712,10391.0,3707.0,-2090.0,0.623,0.389,-0.678,0.03
2830732,10153.0,3949.0,-2376.0,0.62,0.4,-0.675,0.029
2830751,9811.0,3219.0,-2500.0,0.617,0.411,-0.67,0.029
2830769,9087.0,4107.0,-2512.0,0.615,0.422,-0.665,0.03
2830787,9001.0,4855.0,-2420.0,0.614,0.433,-0.659,0.032
2830806,8875.0,3949.0,-2800.0,0.613,0.444,-0.653,0.034
2830823,9153.0,4551.0,-2924.0,0.613,0.455,-0.645,0.038
2830832,8525.0,4655.0,-2542.0,0.614,0.465,-0.636,0.042
2830850,8327.0,5003.0,-2616.0,0.616,0.475,-0.627,0.046
2830869,9201.0,5063.0,-3160.0,0.617,0.484,-0.618,0.051
2830888,8923.0,5171.0,-3388.0,0.62,0.493,-0.608,0.057
2830905,8291.0,4681.0,-2944.0,0.622,0.501,-0.598,0.065
2830923,6815.0,4723.0,-2606.0,0.624,0.509,-0.589,0.072
2830942,6001.0,4489.0,-2756.0,0.624,0.516,-0.581,0.081
2830960,5227.0,3963.0,-2758.0,0.625,0.522,-0.573,0.091
2830980,4125.0,4525.0,-2608.0,0.626,0.527,-0.565,0.103
2830989,2655.0,3357.0,-1702.0,0.628,0.531,-0.557,0.116
2831007,1627.0,3453.0,-1496.0,0.631,0.534,-0.548,0.128
2831025,989.0,4591.0,-1490.0,0.634,0.537,-0.539,0.138
2831044,45.0,2277.0,-780.0,0.638,0.538,-0.53,0.148
2831063,-909.0,3009.0,-586.0,0.642,0.541,-0.521,0.156
2831082,-1369.0,4105.0,314.0,0.644,0.544,-0.512,0.163
2831101,-767.0,2893.0,-264.0,0.648,0.546,-0.505,0.166
2831119,-1121.0,2513.0,300.0,0.65,0.549,-0.498,0.168
2831137,-977.0,4499.0,662.0,0.652,0.551,-0.493,0.167
2831155,-9.0,2017.0,410.0,0.654,0.553,-0.49,0.163
2831164,733.0,3251.0,102.0,0.654,0.556,-0.488,0.159
2831181,1177.0,3799.0,-20.0,0.654,0.557,-0.488,0.153
2831200,1291.0,2015.0,426.0,0.652,0.559,-0.49,0.146
2831218,1961.0,2685.0,-416.0,0.649,0.562,-0.494,0.139
2831236,2063.0,3367.0,-462.0,0.645,0.564,-0.498,0.131
2831254,2769.0,3631.0,-952.0,0.64,0.566,-0.504,0.123
2831273,3063.0,3803.0,-1118.0,0.636,0.568,-0.51,0.115
2831292,4089.0,3037.0,-1736.0,0.631,0.57,-0.516,0.106
2831311,3919.0,4381.0,-1926.0,0.626,0.572,-0.522,0.098
2831331,3967.0,5459.0,-1884.0,0.621,0.573,-0.528,0.09
2831340,4699.0,4025.0,-2438.0,0.616,0.572,-0.536,0.081
2831359,5395.0,2633.0,-2652.0,0.611,0.573,-0.541,0.074
2831377,5007.0,4959.0,-2728.0,0.605,0.575,-0.547,0.067
2831398,5761.0,6309.0,-2930.0,0.6,0.575,-0.553,0.062
2831416,6095.0,4481.0,-2966.0,0.596,0.574,-0.559,0.057
2831435,6301.0,6077.0,-3144.0,0.592,0.572,-0.566,0.051
2831453,7583.0,3217.0,-3324.0,0.589,0.569,-0.572,0.047
2831462,6817.0,4235.0,-2914.0,0.584,0.57,-0.576,0.045
2831481,6431.0,7227.0,-2700.0,0.581,0.569,-0.581,0.043
2831499,7553.0,8205.0,-3764.0,0.58,0.564,-0.587,0.04
2831517,7837.0,5099.0,-4184.0,0.581,0.557,-0.592,0.036
2831536,7717.0,2093.0,-2918.0,0.581,0.552,-0.597,0.034
2831555,7131.0,5421.0,-2358.0,0.58,0.551,-0.6,0.033
2831572,6885.0,6771.0,-2636.0,0.58,0.546,-0.604,0.031
2831589,8581.0,8123.0,-3734.0,0.582,0.538,-0.609,0.029
2831606,9033.0,4209.0,-3464.0,0.587,0.528,-0.613,0.028
2831624,8137.0,879.0,-1812.0,0.59,0.521,-0.616,0.029
2831643,7345.0,4771.0,-1806.0,0.592,0.518,-0.617,0.03
2831662,7615.0,8861.0,-2376.0,0.595,0.512,-0.619,0.029
2831671,8025.0,7153.0,-2438.0,0.6,0.5,-0.624,0.027
2831690,8203.0,2083.0,-2482.0,0.606,0.486,-0.629,0.026
2831709,8099.0,1041.0,-1730.0,0.61,0.478,-0.631,0.028
2831727,7343.0,5859.0,-1166.0,0.613,0.472,-0.633,0.031
2831744,8081.0,7969.0,-1642.0,0.617,0.462,-0.636,0.033
2831763,8467.0,4331.0,-2004.0,0.623,0.449,-0.64,0.034
2831782,8313.0,1101.0,-1432.0,0.627,0.438,-0.643,0.036
2831799,7931.0,3233.0,-914.0,0.631,0.432,-0.644,0.041
2831818,7247.0,5571.0,-954.0,0.634,0.424,-0.646,0.044
2831837,6985.0,4633.0,-978.0,0.637,0.414,-0.649,0.048
2831846,7601.0,4671.0,-988.0,0.64,0.402,-0.653,0.052
2831864,8119.0,3007.0,-844.0,0.642,0.389,-0.658,0.057
2831883,8827.0,3371.0,-1276.0,0.644,0.377,-0.662,0.062
2831901,9223.0,3211.0,-1350.0,0.647,0.366,-0.666,0.067
2831920,9443.0,2527.0,-1116.0,0.649,0.356,-0.668,0.073
2831939,9471.0,3421.0,-944.0,0.652,0.346,-0.67,0.08
2831957,9295.0,3661.0,-804.0,0.654,0.337,-0.672,0.086
2831976,9395.0,2801.0,-686.0,0.656,0.328,-0.674,0.091
2831984,9677.0,1885.0,-616.0,0.657,0.321,-0.676,0.096
2832001,9623.0,2421.0,-450.0,0.658,0.316,-0.677,0.099
2832019,9463.0,2321.0,-492.0,0.658,0.312,-0.678,0.102
2832037,9163.0,2397.0,-322.0,0.657,0.31,-0.68,0.103
2832054,8951.0,2565.0,-454.0,0.656,0.308,-0.682,0.104
2832074,8675.0,2707.0,-578.0,0.654,0.306,-0.684,0.103
2832093,8725.0,2459.0,-578.0,0.653,0.304,-0.686,0.103
2832111,8769.0,2659.0,-684.0,0.652,0.302,-0.688,0.102
2832129,8653.0,2309.0,-716.0,0.651,0.3,-0.69,0.101
2832150,8617.0,2411.0,-744.0,0.651,0.299,-0.691,0.1
2832167,8497.0,1961.0,-726.0,0.651,0.297,-0.692,0.099
2832185,8353.0,2109.0,-686.0,0.651,0.296,-0.692,0.099
2832202,8091.0,2319.0,-508.0,0.652,0.296,-0.692,0.098
2832220,7959.0,2125.0,-630.0,0.652,0.295,-0.691,0.098
2832237,7833.0,2201.0,-602.0,0.653,0.295,-0.691,0.097
2832254,7601.0,2601.0,-478.0,0.654,0.295,-0.69,0.096
2832272,7751.0,2471.0,-474.0,0.654,0.294,-0.69,0.095
